p1,p2,p3,p4,p5,p6,p7,p8,p9,p10,p11,p12,p13,p14,p15,p16,p17,p18,p19,p20,p21,p22,p23,p24,p25,p26,p27,p28,p29,p30,p31,p32,p33,p34,p35,p36,p37,p38,p39,p40,p41,p42,p43,p44,p45,p46,p47,p48,p49,p50,p51,p52,p53,p54,p55,p56,p57,p58,p59,p60,p61,p62,p63,p64,p65,p66,p67,p68,p69,p70,p71,p72,p73,p74,p75,p76,p77,p78,p79,p80,p81,p82,p83,p84,p85,p86,p87,p88,p89,p90,p91,p92,p93,p94,p95,p96,p97,p98,p99,p100,p101,p102,p103,p104,p105,groundtruth
0,0,0,0,0,0.0,0.0,0.0,0.0,0.0,0.0,0.0033333333333333335,0.035555555555555556,0.10333333333333333,0.8577777777777778,1.0,1.0,1.0,1.0,0,0.0,0.0,0.0,0.0,0.0,0.0,0.004761904761904762,0.03238095238095238,0.09238095238095238,0.8704761904761905,1.0,1.0,1.0,1.0,0,0.0,0.0,0.0,0.0,0.0,0.0,0.005,0.03333333333333333,0.08666666666666667,0.875,1.0,1.0,1.0,1.0,0,0.0,0.0,0.0,0.0,0.0,0.0,0.0044444444444444444,0.03259259259259259,0.09037037037037036,0.8725925925925926,1.5,1.0,1.0,1.5,0,0.0,0.0,0.0,0.0,0.0,0.0,0.006666666666666667,0.030666666666666665,0.08733333333333333,0.8753333333333333,1.5,1.0,1.0,1.5,0,0.0,0.0,0.0,0.0,0.0,0.0,0.006060606060606061,0.03151515151515152,0.08969696969696969,0.8727272727272727,1.5,1.0,1.0,1.5,0,0.0,0.0,0.0,0.0,0.0,0.0,0.005555555555555556,0.029444444444444443,0.09055555555555556,0.8744444444444445,0:00:00.259000
0,0,0,0,0,0.0,0.0,0.0,0.0,0.0,0.0,0.0044444444444444444,0.03111111111111111,0.11333333333333333,0.8511111111111112,0,0,0,0,0,0.0,0.0,0.0,0.0,0.0,0.0,0.0038095238095238095,0.03238095238095238,0.10380952380952381,0.86,0,0,0,0,0,0.0,0.0,0.0,0.0,0.0,0.0,0.004166666666666667,0.029166666666666667,0.09583333333333334,0.8708333333333333,1.0,1.0,1.0,1.0,0,0.0,0.0,0.0,0.0,0.0,0.0,0.005185185185185185,0.02962962962962963,0.08814814814814814,0.8770370370370371,1.0,1.0,1.0,1.0,0,0.0,0.0,0.0,0.0,0.0,0.0,0.004666666666666667,0.03,0.09266666666666666,0.8726666666666667,1.0,1.0,1.0,1.0,0,0.0,0.0,0.0,0.0,0.0,0.0,0.0048484848484848485,0.028484848484848484,0.08787878787878788,0.8787878787878788,1.5,1.0,1.0,1.5,0,0.0,0.0,0.0,0.0,0.0,0.0,0.006111111111111111,0.029444444444444443,0.08888888888888889,0.8755555555555555,0:00:00.298000
0,0,0,0,0,0.0,0.0,0.0,0.0,0.0,0.0,0.0044444444444444444,0.021111111111111112,0.07222222222222222,0.9022222222222223,0,0,0,0,0,0.0,0.0,0.0,0.0,0.0,0.0,0.004761904761904762,0.02761904761904762,0.10285714285714286,0.8647619047619047,0,0,0,0,0,0.0,0.0,0.0,0.0,0.0,0.0,0.004166666666666667,0.0275,0.09833333333333333,0.87,0,0,0,0,0,0.0,0.0,0.0,0.0,0.0,0.0,0.003703703703703704,0.028148148148148148,0.09185185185185185,0.8762962962962964,0,0,0,0,0,0.0,0.0,0.0,0.0,0.0,0.0,0.004,0.026,0.08466666666666667,0.8853333333333333,1.0,1.0,1.0,1.0,0,0.0,0.0,0.0,0.0,0.0,0.0,0.0048484848484848485,0.02666666666666667,0.07939393939393939,0.889090909090909,1.0,1.0,1.0,1.0,0,0.0,0.0,0.0,0.0,0.0,0.0,0.0044444444444444444,0.02722222222222222,0.08388888888888889,0.8844444444444445,0:00:00.244000
1.5,1.0,1.0,1.5,0,0.0,0.0,0.0,0.0,0.0,0.0,0.0044444444444444444,0.017777777777777778,0.07333333333333333,0.9044444444444445,1.5,1.0,1.0,1.5,0,0.0,0.0,0.0,0.0,0.0,0.0,0.0038095238095238095,0.01904761904761905,0.0761904761904762,0.900952380952381,1.5,1.0,1.0,1.5,0,0.0,0.0,0.0,0.0,0.0,0.0,0.005,0.020833333333333332,0.08416666666666667,0.89,1.5,1.0,1.0,1.5,0,0.0,0.0,0.0,0.0,0.0,0.0,0.005185185185185185,0.024444444444444446,0.09703703703703703,0.8733333333333333,1.5,1.0,1.0,1.5,0,0.0,0.0,0.0,0.0,0.0,0.0,0.004666666666666667,0.026,0.094,0.8753333333333333,1.5,1.0,1.0,1.5,0,0.0,0.0,0.0,0.0,0.0,0.0,0.004242424242424243,0.025454545454545455,0.08848484848484849,0.8818181818181818,1.3333333333333333,1.0,1.0,1.3333333333333333,0,0.0,0.0,0.0,0.0,0.0,0.0,0.005,0.024444444444444446,0.08333333333333333,0.8872222222222222,0:00:00.315000
2.0,1.6666666666666667,1.3333333333333333,1.6666666666666667,0,0.0,0.0,0.0,0.0,0.0,0.0011111111111111111,0.006666666666666667,0.017777777777777778,0.06666666666666667,0.9077777777777778,2.0,1.6666666666666667,1.3333333333333333,1.6666666666666667,0,0.0,0.0,0.0,0.0,0.0,0.0009523809523809524,0.005714285714285714,0.021904761904761906,0.06952380952380953,0.9019047619047619,2.0,1.6666666666666667,1.3333333333333333,1.6666666666666667,0,0.0,0.0,0.0,0.0,0.0,0.0008333333333333334,0.005,0.021666666666666667,0.0725,0.9,2.0,1.6666666666666667,1.3333333333333333,1.6666666666666667,0,0.0,0.0,0.0,0.0,0.0,0.0007407407407407407,0.005925925925925926,0.022962962962962963,0.08074074074074074,0.8896296296296297,2.0,1.6666666666666667,1.3333333333333333,1.6666666666666667,0,0.0,0.0,0.0,0.0,0.0,0.0006666666666666666,0.006,0.026,0.092,0.8753333333333333,2.0,1.6666666666666667,1.3333333333333333,1.6666666666666667,0,0.0,0.0,0.0,0.0,0.0,0.0006060606060606061,0.005454545454545455,0.02727272727272727,0.08969696969696969,0.876969696969697,2.0,1.6666666666666667,1.3333333333333333,1.6666666666666667,0,0.0,0.0,0.0,0.0,0.0,0.0005555555555555556,0.005,0.02666666666666667,0.085,0.8827777777777778,0:00:00.328000
1.75,1.5,1.25,1.5,0,0.0,0.0,0.0,0.0,0.0,0.0011111111111111111,0.006666666666666667,0.022222222222222223,0.06888888888888889,0.9011111111111111,1.75,1.5,1.25,1.5,0,0.0,0.0,0.0,0.0,0.0,0.0009523809523809524,0.006666666666666667,0.02095238095238095,0.07809523809523809,0.8933333333333333,1.75,1.5,1.25,1.5,0,0.0,0.0,0.0,0.0,0.0,0.0008333333333333334,0.005833333333333334,0.018333333333333333,0.075,0.9,1.75,1.5,1.25,1.5,0,0.0,0.0,0.0,0.0,0.0,0.0007407407407407407,0.005185185185185185,0.022222222222222223,0.07629629629629629,0.8955555555555555,1.75,1.5,1.25,1.5,0,0.0,0.0,0.0,0.0,0.0,0.0006666666666666666,0.006,0.023333333333333334,0.07666666666666666,0.8933333333333333,1.75,1.5,1.25,1.5,0,0.0,0.0,0.0,0.0,0.0,0.0006060606060606061,0.006060606060606061,0.023636363636363636,0.08484848484848485,0.8848484848484849,1.75,1.5,1.25,1.5,0,0.0,0.0,0.0,0.0,0.0,0.0005555555555555556,0.005555555555555556,0.02722222222222222,0.09388888888888888,0.8727777777777778,0:00:00.273000
1.75,1.5,1.25,1.5,0,0.0,0.0,0.0,0.0,0.0,0.0011111111111111111,0.006666666666666667,0.022222222222222223,0.07666666666666666,0.8933333333333333,1.75,1.5,1.25,1.5,0,0.0,0.0,0.0,0.0,0.0,0.0009523809523809524,0.005714285714285714,0.02,0.07428571428571429,0.8990476190476191,1.75,1.5,1.25,1.5,0,0.0,0.0,0.0,0.0,0.0,0.0008333333333333334,0.005833333333333334,0.018333333333333333,0.07583333333333334,0.8991666666666667,1.75,1.5,1.25,1.5,0,0.0,0.0,0.0,0.0,0.0,0.0007407407407407407,0.005185185185185185,0.02074074074074074,0.07629629629629629,0.8970370370370371,1.75,1.5,1.25,1.5,0,0.0,0.0,0.0,0.0,0.0,0.0006666666666666666,0.004666666666666667,0.021333333333333333,0.07866666666666666,0.8946666666666667,1.75,1.5,1.25,1.5,0,0.0,0.0,0.0,0.0,0.0,0.0006060606060606061,0.005454545454545455,0.022424242424242423,0.08303030303030302,0.8884848484848484,1.75,1.5,1.25,1.5,0,0.0,0.0,0.0,0.0,0.0,0.0005555555555555556,0.005555555555555556,0.025,0.09388888888888888,0.875,0:00:00.368000
1.6666666666666667,1.6666666666666667,1.3333333333333333,1.3333333333333333,0,0.0,0.0,0.0,0.0,0.0,0.0011111111111111111,0.0044444444444444444,0.025555555555555557,0.0811111111111111,0.8877777777777778,1.75,1.5,1.25,1.5,0,0.0,0.0,0.0,0.0,0.0,0.0009523809523809524,0.004761904761904762,0.023809523809523808,0.07428571428571429,0.8961904761904762,1.75,1.5,1.25,1.5,0,0.0,0.0,0.0,0.0,0.0,0.0008333333333333334,0.005,0.023333333333333334,0.07333333333333333,0.8975,1.75,1.5,1.25,1.5,0,0.0,0.0,0.0,0.0,0.0,0.0007407407407407407,0.0044444444444444444,0.02148148148148148,0.0725925925925926,0.9007407407407407,1.75,1.5,1.25,1.5,0,0.0,0.0,0.0,0.0,0.0,0.0006666666666666666,0.004666666666666667,0.02,0.07333333333333333,0.9013333333333333,1.75,1.5,1.25,1.5,0,0.0,0.0,0.0,0.0,0.0,0.0006060606060606061,0.004242424242424243,0.02181818181818182,0.07454545454545454,0.8987878787878788,1.75,1.5,1.25,1.5,0,0.0,0.0,0.0,0.0,0.0,0.0005555555555555556,0.0038888888888888888,0.022222222222222223,0.07611111111111112,0.8972222222222223,0:00:00.393000
2.0,2.0,1.5,1.5,0,0.0,0.0,0.0,0.0,0.0,0.0011111111111111111,0.005555555555555556,0.027777777777777776,0.08333333333333333,0.8822222222222222,1.6666666666666667,1.6666666666666667,1.3333333333333333,1.3333333333333333,0,0.0,0.0,0.0,0.0,0.0,0.0009523809523809524,0.005714285714285714,0.02666666666666667,0.08761904761904762,0.8790476190476191,1.75,1.5,1.25,1.5,0,0.0,0.0,0.0,0.0,0.0,0.0008333333333333334,0.005833333333333334,0.025,0.08,0.8883333333333333,1.75,1.5,1.25,1.5,0,0.0,0.0,0.0,0.0,0.0,0.0007407407407407407,0.005925925925925926,0.024444444444444446,0.07851851851851852,0.8903703703703704,1.75,1.5,1.25,1.5,0,0.0,0.0,0.0,0.0,0.0,0.0006666666666666666,0.005333333333333333,0.02266666666666667,0.07733333333333334,0.894,1.75,1.5,1.25,1.5,0,0.0,0.0,0.0,0.0,0.0,0.0006060606060606061,0.005454545454545455,0.021212121212121213,0.07757575757575758,0.8951515151515151,1.75,1.5,1.25,1.5,0,0.0,0.0,0.0,0.0,0.0,0.0005555555555555556,0.005,0.02277777777777778,0.07833333333333334,0.8933333333333333,0:00:00.277000
1.0,1.0,1.0,1.0,0,0.0,0.0,0.0,0.0,0.0,0.0011111111111111111,0.0044444444444444444,0.023333333333333334,0.09444444444444444,0.8766666666666667,1.6666666666666667,1.6666666666666667,1.3333333333333333,1.3333333333333333,0,0.0,0.0,0.0,0.0,0.0,0.0019047619047619048,0.005714285714285714,0.025714285714285714,0.08761904761904762,0.8790476190476191,1.5,1.5,1.25,1.25,0,0.0,0.0,0.0,0.0,0.0,0.0016666666666666668,0.005833333333333334,0.025,0.09166666666666666,0.8758333333333334,1.6,1.4,1.2,1.4,0,0.0,0.0,0.0,0.0,0.0,0.0014814814814814814,0.005925925925925926,0.023703703703703703,0.08444444444444445,0.8844444444444445,1.6,1.4,1.2,1.4,0,0.0,0.0,0.0,0.0,0.0,0.0013333333333333333,0.006,0.023333333333333334,0.082,0.8873333333333333,1.6,1.4,1.2,1.4,0,0.0,0.0,0.0,0.0,0.0,0.0012121212121212121,0.005454545454545455,0.02181818181818182,0.08,0.8915151515151515,1.6,1.4,1.2,1.4,0,0.0,0.0,0.0,0.0,0.0,0.0011111111111111111,0.005555555555555556,0.020555555555555556,0.08055555555555556,0.8922222222222222,0:00:00.316000
2.5,2.0,1.0,1.5,0,0.0,0.0,0.0,0.0,0.0,0.0011111111111111111,0.005555555555555556,0.021111111111111112,0.09222222222222222,0.88,2.5,2.0,1.0,1.5,0,0.0,0.0,0.0,0.0,0.0,0.0009523809523809524,0.004761904761904762,0.021904761904761906,0.09238095238095238,0.88,2.0,1.6666666666666667,1.0,1.3333333333333333,0,0.0,0.0,0.0,0.0,0.0,0.0008333333333333334,0.005,0.021666666666666667,0.09083333333333334,0.8816666666666667,2.0,1.8,1.2,1.4,0,0.0,0.0,0.0,0.0,0.0,0.0014814814814814814,0.006666666666666667,0.025185185185185185,0.08888888888888889,0.8777777777777778,2.0,1.6666666666666667,1.1666666666666667,1.5,0,0.0,0.0,0.0,0.0,0.0,0.0013333333333333333,0.006666666666666667,0.023333333333333334,0.09,0.8786666666666667,2.0,1.6666666666666667,1.1666666666666667,1.5,0,0.0,0.0,0.0,0.0,0.0,0.0012121212121212121,0.006666666666666667,0.022424242424242423,0.08484848484848485,0.8848484848484849,2.0,1.6666666666666667,1.1666666666666667,1.5,0,0.0,0.0,0.0,0.0,0.0,0.0011111111111111111,0.006111111111111111,0.021666666666666667,0.0811111111111111,0.89,0:00:00.314000
2.0,1.6666666666666667,1.0,1.3333333333333333,0,0.0,0.0,0.0,0.0,0.0,0.0011111111111111111,0.01,0.025555555555555557,0.12555555555555556,0.8377777777777777,2.0,1.6666666666666667,1.0,1.3333333333333333,0,0.0,0.0,0.0,0.0,0.0,0.0009523809523809524,0.008571428571428572,0.023809523809523808,0.11619047619047619,0.8504761904761905,2.0,1.6666666666666667,1.0,1.3333333333333333,0,0.0,0.0,0.0,0.0,0.0,0.0008333333333333334,0.0075,0.023333333333333334,0.1175,0.8508333333333333,1.75,1.5,1.0,1.25,0,0.0,0.0,0.0,0.0,0.0,0.0007407407407407407,0.007407407407407408,0.023703703703703703,0.11333333333333333,0.8548148148148148,1.8333333333333333,1.6666666666666667,1.1666666666666667,1.3333333333333333,0,0.0,0.0,0.0,0.0,0.0,0.0013333333333333333,0.008666666666666666,0.026,0.10866666666666666,0.8553333333333333,1.8571428571428572,1.5714285714285714,1.1428571428571428,1.4285714285714286,0,0.0,0.0,0.0,0.0,0.0,0.0012121212121212121,0.008484848484848486,0.02484848484848485,0.10909090909090909,0.8563636363636363,1.8571428571428572,1.5714285714285714,1.1428571428571428,1.4285714285714286,0,0.0,0.0,0.0,0.0,0.0,0.0011111111111111111,0.0077777777777777776,0.023333333333333334,0.10111111111111111,0.8666666666666667,0:00:00.287000
2.0,1.6666666666666667,1.0,1.3333333333333333,0,0.0,0.0,0.0,0.0,0.0,0.0011111111111111111,0.01,0.021111111111111112,0.12444444444444444,0.8433333333333334,2.0,1.6666666666666667,1.0,1.3333333333333333,0,0.0,0.0,0.0,0.0,0.0,0.0009523809523809524,0.008571428571428572,0.023809523809523808,0.12,0.8466666666666667,2.0,1.6666666666666667,1.0,1.3333333333333333,0,0.0,0.0,0.0,0.0,0.0,0.0008333333333333334,0.0075,0.0225,0.11166666666666666,0.8575,2.0,1.6666666666666667,1.0,1.3333333333333333,0,0.0,0.0,0.0,0.0,0.0,0.0007407407407407407,0.006666666666666667,0.02,0.10740740740740741,0.8651851851851852,2.0,1.6666666666666667,1.0,1.3333333333333333,0,0.0,0.0,0.0,0.0,0.0,0.0006666666666666666,0.006,0.020666666666666667,0.106,0.8666666666666667,2.0,1.8,1.2,1.4,0,0.0,0.0,0.0,0.0,0.0,0.0012121212121212121,0.007272727272727273,0.023636363636363636,0.10363636363636364,0.8642424242424243,1.8333333333333333,1.6666666666666667,1.1666666666666667,1.3333333333333333,0,0.0,0.0,0.0,0.0,0.0,0.0011111111111111111,0.007222222222222222,0.023333333333333334,0.10444444444444445,0.8638888888888889,0:00:00.268000
2.0,1.6666666666666667,1.0,1.3333333333333333,0,0.0,0.0,0.0,0.0,0.0,0.0011111111111111111,0.008888888888888889,0.016666666666666666,0.11888888888888889,0.8544444444444445,2.0,1.6666666666666667,1.0,1.3333333333333333,0,0.0,0.0,0.0,0.0,0.0,0.0009523809523809524,0.009523809523809525,0.01904761904761905,0.11714285714285715,0.8533333333333334,2.0,1.6666666666666667,1.0,1.3333333333333333,0,0.0,0.0,0.0,0.0,0.0,0.0008333333333333334,0.008333333333333333,0.021666666666666667,0.11416666666666667,0.855,2.0,1.6666666666666667,1.0,1.3333333333333333,0,0.0,0.0,0.0,0.0,0.0,0.0007407407407407407,0.007407407407407408,0.02074074074074074,0.10740740740740741,0.8637037037037038,2.0,1.6666666666666667,1.0,1.3333333333333333,0,0.0,0.0,0.0,0.0,0.0,0.0006666666666666666,0.006666666666666667,0.018666666666666668,0.104,0.87,2.0,1.6666666666666667,1.0,1.3333333333333333,0,0.0,0.0,0.0,0.0,0.0,0.0006060606060606061,0.006060606060606061,0.019393939393939394,0.10303030303030303,0.8709090909090909,2.0,1.8,1.2,1.4,0,0.0,0.0,0.0,0.0,0.0,0.0011111111111111111,0.007222222222222222,0.022222222222222223,0.10111111111111111,0.8683333333333333,0:00:00.271000
1.0,1.0,1.0,1.0,0,0.0,0.0,0.0,0.0,0.0,0.0,0.008888888888888889,0.012222222222222223,0.13,0.8488888888888889,2.5,2.0,1.0,1.5,0,0.0,0.0,0.0,0.0,0.0,0.0,0.009523809523809525,0.014285714285714285,0.12380952380952381,0.8523809523809524,2.0,1.6666666666666667,1.0,1.3333333333333333,0,0.0,0.0,0.0,0.0,0.0,0.0008333333333333334,0.009166666666666667,0.015,0.12416666666666666,0.8508333333333333,2.0,1.6666666666666667,1.0,1.3333333333333333,0,0.0,0.0,0.0,0.0,0.0,0.0007407407407407407,0.00962962962962963,0.017037037037037038,0.12518518518518518,0.8474074074074074,2.0,1.6666666666666667,1.0,1.3333333333333333,0,0.0,0.0,0.0,0.0,0.0,0.0006666666666666666,0.008666666666666666,0.018666666666666668,0.116,0.856,2.0,1.6666666666666667,1.0,1.3333333333333333,0,0.0,0.0,0.0,0.0,0.0,0.0006060606060606061,0.00787878787878788,0.01818181818181818,0.11151515151515151,0.8618181818181818,2.0,1.6666666666666667,1.0,1.3333333333333333,0,0.0,0.0,0.0,0.0,0.0,0.0005555555555555556,0.007222222222222222,0.016666666666666666,0.11,0.8655555555555555,0:00:00.394000
0,0,0,0,0,0.0,0.0,0.0,0.0,0.0,0.0,0.005555555555555556,0.006666666666666667,0.09555555555555556,0.8922222222222222,1.0,1.0,1.0,1.0,0,0.0,0.0,0.0,0.0,0.0,0.0,0.008571428571428572,0.007619047619047619,0.11142857142857143,0.8723809523809524,1.0,1.0,1.0,1.0,0,0.0,0.0,0.0,0.0,0.0,0.0,0.0075,0.01,0.1225,0.86,2.5,2.0,1.0,1.5,0,0.0,0.0,0.0,0.0,0.0,0.0,0.008148148148148147,0.011851851851851851,0.11851851851851852,0.8614814814814815,2.0,1.6666666666666667,1.0,1.3333333333333333,0,0.0,0.0,0.0,0.0,0.0,0.0006666666666666666,0.008,0.012666666666666666,0.11933333333333333,0.8593333333333333,2.0,1.6666666666666667,1.0,1.3333333333333333,0,0.0,0.0,0.0,0.0,0.0,0.0006060606060606061,0.008484848484848486,0.014545454545454545,0.1206060606060606,0.8557575757575757,2.0,1.6666666666666667,1.0,1.3333333333333333,0,0.0,0.0,0.0,0.0,0.0,0.0005555555555555556,0.0077777777777777776,0.01611111111111111,0.11333333333333333,0.8622222222222222,0:00:00.353000
0,0,0,0,0,0.0,0.0,0.0,0.0,0.0,0.0,0.005555555555555556,0.0044444444444444444,0.09777777777777778,0.8922222222222222,0,0,0,0,0,0.0,0.0,0.0,0.0,0.0,0.0,0.004761904761904762,0.005714285714285714,0.08857142857142856,0.900952380952381,0,0,0,0,0,0.0,0.0,0.0,0.0,0.0,0.0,0.005833333333333334,0.005833333333333334,0.095,0.8933333333333333,1.0,1.0,1.0,1.0,0,0.0,0.0,0.0,0.0,0.0,0.0,0.006666666666666667,0.008888888888888889,0.11407407407407408,0.8703703703703703,2.5,2.0,1.0,1.5,0,0.0,0.0,0.0,0.0,0.0,0.0,0.007333333333333333,0.010666666666666666,0.11333333333333333,0.8686666666666667,2.5,2.0,1.0,1.5,0,0.0,0.0,0.0,0.0,0.0,0.0,0.007272727272727273,0.010303030303030303,0.11090909090909092,0.8715151515151515,2.0,1.6666666666666667,1.0,1.3333333333333333,0,0.0,0.0,0.0,0.0,0.0,0.0005555555555555556,0.0077777777777777776,0.011666666666666667,0.11,0.87,0:00:00.293000
0,0,0,0,0,0.0,0.0,0.0,0.0,0.0,0.0,0.0044444444444444444,0.0033333333333333335,0.09333333333333334,0.8988888888888888,0,0,0,0,0,0.0,0.0,0.0,0.0,0.0,0.0,0.004761904761904762,0.0038095238095238095,0.09047619047619047,0.900952380952381,0,0,0,0,0,0.0,0.0,0.0,0.0,0.0,0.0,0.004166666666666667,0.005,0.08416666666666667,0.9066666666666666,0,0,0,0,0,0.0,0.0,0.0,0.0,0.0,0.0,0.005925925925925926,0.005185185185185185,0.09185185185185185,0.8970370370370371,1.0,1.0,1.0,1.0,0,0.0,0.0,0.0,0.0,0.0,0.0,0.006,0.008,0.10933333333333334,0.8766666666666667,2.5,2.0,1.0,1.5,0,0.0,0.0,0.0,0.0,0.0,0.0,0.006666666666666667,0.009696969696969697,0.10666666666666667,0.876969696969697,2.0,1.6666666666666667,1.0,1.3333333333333333,0,0.0,0.0,0.0,0.0,0.0,0.0005555555555555556,0.006666666666666667,0.01,0.10666666666666667,0.8761111111111111,0:00:00.377000
0,0,0,0,0,0.0,0.0,0.0,0.0,0.0,0.0,0.0022222222222222222,0.0033333333333333335,0.06777777777777778,0.9266666666666666,0,0,0,0,0,0.0,0.0,0.0,0.0,0.0,0.0,0.004761904761904762,0.0038095238095238095,0.08190476190476191,0.9095238095238095,0,0,0,0,0,0.0,0.0,0.0,0.0,0.0,0.0,0.005,0.004166666666666667,0.085,0.9058333333333334,0,0,0,0,0,0.0,0.0,0.0,0.0,0.0,0.0,0.0044444444444444444,0.003703703703703704,0.08,0.9118518518518518,0,0,0,0,0,0.0,0.0,0.0,0.0,0.0,0.0,0.004,0.004666666666666667,0.082,0.9093333333333333,1.0,1.0,1.0,1.0,0,0.0,0.0,0.0,0.0,0.0,0.0,0.006060606060606061,0.00787878787878788,0.09636363636363636,0.8896969696969697,1.0,1.0,1.0,1.0,0,0.0,0.0,0.0,0.0,0.0,0.0,0.005555555555555556,0.007222222222222222,0.09833333333333333,0.8888888888888888,0:00:00.258000
0,0,0,0,0,0.0,0.0,0.0,0.0,0.0,0.0,0.0011111111111111111,0.0022222222222222222,0.05444444444444444,0.9422222222222222,0,0,0,0,0,0.0,0.0,0.0,0.0,0.0,0.0,0.0019047619047619048,0.0019047619047619048,0.07047619047619047,0.9257142857142857,0,0,0,0,0,0.0,0.0,0.0,0.0,0.0,0.0,0.0033333333333333335,0.0025,0.07833333333333334,0.9158333333333334,0,0,0,0,0,0.0,0.0,0.0,0.0,0.0,0.0,0.0044444444444444444,0.003703703703703704,0.08296296296296296,0.9088888888888889,0,0,0,0,0,0.0,0.0,0.0,0.0,0.0,0.0,0.004,0.0033333333333333335,0.08133333333333333,0.9113333333333333,0,0,0,0,0,0.0,0.0,0.0,0.0,0.0,0.0,0.0036363636363636364,0.004242424242424243,0.07939393939393939,0.9127272727272727,1.0,1.0,1.0,1.0,0,0.0,0.0,0.0,0.0,0.0,0.0,0.005555555555555556,0.005,0.09,0.8994444444444445,0:00:00.285000
0,0,0,0,0,0.0,0.0,0.0,0.0,0.0,0.0,0.0011111111111111111,0.0044444444444444444,0.08444444444444445,0.91,0,0,0,0,0,0.0,0.0,0.0,0.0,0.0,0.0,0.0009523809523809524,0.0038095238095238095,0.07428571428571429,0.920952380952381,0,0,0,0,0,0.0,0.0,0.0,0.0,0.0,0.0,0.0008333333333333334,0.004166666666666667,0.06916666666666667,0.9258333333333333,0,0,0,0,0,0.0,0.0,0.0,0.0,0.0,0.0,0.0014814814814814814,0.003703703703703704,0.08,0.9148148148148149,0,0,0,0,0,0.0,0.0,0.0,0.0,0.0,0.0,0.0026666666666666666,0.004,0.08533333333333333,0.908,0,0,0,0,0,0.0,0.0,0.0,0.0,0.0,0.0,0.0036363636363636364,0.0048484848484848485,0.08848484848484849,0.9030303030303031,0,0,0,0,0,0.0,0.0,0.0,0.0,0.0,0.0,0.0033333333333333335,0.0044444444444444444,0.08666666666666667,0.9055555555555556,0:00:00.319000
0,0,0,0,0,0.0,0.0,0.0,0.0,0.0,0.0,0.0022222222222222222,0.011111111111111112,0.08555555555555555,0.9011111111111111,0,0,0,0,0,0.0,0.0,0.0,0.0,0.0,0.0,0.0019047619047619048,0.009523809523809525,0.08285714285714285,0.9057142857142857,0,0,0,0,0,0.0,0.0,0.0,0.0,0.0,0.0,0.0016666666666666668,0.008333333333333333,0.0825,0.9075,0,0,0,0,0,0.0,0.0,0.0,0.0,0.0,0.0,0.0014814814814814814,0.007407407407407408,0.07407407407407407,0.917037037037037,0,0,0,0,0,0.0,0.0,0.0,0.0,0.0,0.0,0.0013333333333333333,0.007333333333333333,0.076,0.9153333333333333,0,0,0,0,0,0.0,0.0,0.0,0.0,0.0,0.0,0.0018181818181818182,0.007272727272727273,0.08545454545454545,0.9054545454545454,0,0,0,0,0,0.0,0.0,0.0,0.0,0.0,0.0,0.0033333333333333335,0.007222222222222222,0.08944444444444444,0.9,0:00:00.332000
0,0,0,0,0,0.0,0.0,0.0,0.0,0.0,0.0,0.0011111111111111111,0.013333333333333334,0.10333333333333333,0.8822222222222222,0,0,0,0,0,0.0,0.0,0.0,0.0,0.0,0.0,0.0019047619047619048,0.011428571428571429,0.09619047619047619,0.8904761904761904,0,0,0,0,0,0.0,0.0,0.0,0.0,0.0,0.0,0.0016666666666666668,0.01,0.09166666666666666,0.8966666666666666,0,0,0,0,0,0.0,0.0,0.0,0.0,0.0,0.0,0.0014814814814814814,0.008888888888888889,0.08888888888888889,0.9007407407407407,0,0,0,0,0,0.0,0.0,0.0,0.0,0.0,0.0,0.0013333333333333333,0.008666666666666666,0.082,0.908,0,0,0,0,0,0.0,0.0,0.0,0.0,0.0,0.0,0.0018181818181818182,0.00787878787878788,0.08424242424242424,0.906060606060606,0,0,0,0,0,0.0,0.0,0.0,0.0,0.0,0.0,0.0022222222222222222,0.0077777777777777776,0.09166666666666666,0.8983333333333333,0:00:00.344000
0,0,0,0,0,0.0,0.0,0.0,0.0,0.0,0.0,0.0011111111111111111,0.013333333333333334,0.10888888888888888,0.8766666666666667,0,0,0,0,0,0.0,0.0,0.0,0.0,0.0,0.0,0.0009523809523809524,0.012380952380952381,0.09904761904761905,0.8876190476190476,0,0,0,0,0,0.0,0.0,0.0,0.0,0.0,0.0,0.0016666666666666668,0.010833333333333334,0.095,0.8925,0,0,0,0,0,0.0,0.0,0.0,0.0,0.0,0.0,0.0014814814814814814,0.00962962962962963,0.09407407407407407,0.8948148148148148,0,0,0,0,0,0.0,0.0,0.0,0.0,0.0,0.0,0.0013333333333333333,0.008666666666666666,0.08733333333333333,0.9026666666666666,0,0,0,0,0,0.0,0.0,0.0,0.0,0.0,0.0,0.0012121212121212121,0.008484848484848486,0.08363636363636363,0.9066666666666666,0,0,0,0,0,0.0,0.0,0.0,0.0,0.0,0.0,0.0016666666666666668,0.0077777777777777776,0.08722222222222223,0.9033333333333333,0:00:00.320000
0,0,0,0,0,0.0,0.0,0.0,0.0,0.0,0.0,0.0022222222222222222,0.013333333333333334,0.11,0.8744444444444445,0,0,0,0,0,0.0,0.0,0.0,0.0,0.0,0.0,0.0019047619047619048,0.011428571428571429,0.1019047619047619,0.8847619047619047,0,0,0,0,0,0.0,0.0,0.0,0.0,0.0,0.0,0.0025,0.010833333333333334,0.09416666666666666,0.8925,0,0,0,0,0,0.0,0.0,0.0,0.0,0.0,0.0,0.0022222222222222222,0.00962962962962963,0.08814814814814814,0.9,0,0,0,0,0,0.0,0.0,0.0,0.0,0.0,0.0,0.002,0.008666666666666666,0.09,0.8993333333333333,0,0,0,0,0,0.0,0.0,0.0,0.0,0.0,0.0,0.0018181818181818182,0.00787878787878788,0.08181818181818182,0.9084848484848485,0,0,0,0,0,0.0,0.0,0.0,0.0,0.0,0.0,0.0016666666666666668,0.0077777777777777776,0.08055555555555556,0.91,0:00:00.414000
0,0,0,0,0,0.0,0.0,0.0,0.0,0.0,0.0,0.0022222222222222222,0.013333333333333334,0.10666666666666667,0.8777777777777778,0,0,0,0,0,0.0,0.0,0.0,0.0,0.0,0.0,0.0019047619047619048,0.013333333333333334,0.12,0.8647619047619047,0,0,0,0,0,0.0,0.0,0.0,0.0,0.0,0.0,0.0016666666666666668,0.011666666666666667,0.11,0.8766666666666667,0,0,0,0,0,0.0,0.0,0.0,0.0,0.0,0.0,0.0022222222222222222,0.011111111111111112,0.10222222222222223,0.8844444444444445,0,0,0,0,0,0.0,0.0,0.0,0.0,0.0,0.0,0.002,0.01,0.09733333333333333,0.8906666666666667,0,0,0,0,0,0.0,0.0,0.0,0.0,0.0,0.0,0.0018181818181818182,0.00909090909090909,0.09696969696969697,0.8921212121212121,0,0,0,0,0,0.0,0.0,0.0,0.0,0.0,0.0,0.0016666666666666668,0.008333333333333333,0.09,0.9,0:00:00.303000
0,0,0,0,0,0.0,0.0,0.0,0.0,0.0,0.0,0.0022222222222222222,0.012222222222222223,0.11,0.8755555555555555,0,0,0,0,0,0.0,0.0,0.0,0.0,0.0,0.0,0.0019047619047619048,0.011428571428571429,0.10476190476190476,0.8819047619047619,0,0,0,0,0,0.0,0.0,0.0,0.0,0.0,0.0,0.0016666666666666668,0.011666666666666667,0.11166666666666666,0.875,0,0,0,0,0,0.0,0.0,0.0,0.0,0.0,0.0,0.0014814814814814814,0.01037037037037037,0.10814814814814815,0.88,0,0,0,0,0,0.0,0.0,0.0,0.0,0.0,0.0,0.002,0.01,0.102,0.886,0,0,0,0,0,0.0,0.0,0.0,0.0,0.0,0.0,0.0018181818181818182,0.00909090909090909,0.09757575757575758,0.8915151515151515,0,0,0,0,0,0.0,0.0,0.0,0.0,0.0,0.0,0.0016666666666666668,0.008333333333333333,0.09722222222222222,0.8927777777777778,0:00:00.302000
0,0,0,0,0,0.0,0.0,0.0,0.0,0.0,0.0,0.0033333333333333335,0.008888888888888889,0.12555555555555556,0.8622222222222222,0,0,0,0,0,0.0,0.0,0.0,0.0,0.0,0.0,0.0038095238095238095,0.011428571428571429,0.12666666666666668,0.8580952380952381,0,0,0,0,0,0.0,0.0,0.0,0.0,0.0,0.0,0.0033333333333333335,0.011666666666666667,0.115,0.87,0,0,0,0,0,0.0,0.0,0.0,0.0,0.0,0.0,0.002962962962962963,0.011111111111111112,0.11555555555555555,0.8703703703703703,0,0,0,0,0,0.0,0.0,0.0,0.0,0.0,0.0,0.0026666666666666666,0.011333333333333334,0.11933333333333333,0.8666666666666667,0,0,0,0,0,0.0,0.0,0.0,0.0,0.0,0.0,0.0024242424242424242,0.010303030303030303,0.11393939393939394,0.8733333333333333,0,0,0,0,0,0.0,0.0,0.0,0.0,0.0,0.0,0.002777777777777778,0.01,0.10777777777777778,0.8794444444444445,0:00:00.274000
0,0,0,0,0,0.0,0.0,0.0,0.0,0.0,0.0,0.005555555555555556,0.008888888888888889,0.13444444444444445,0.8511111111111112,0,0,0,0,0,0.0,0.0,0.0,0.0,0.0,0.0,0.004761904761904762,0.010476190476190476,0.13523809523809524,0.8495238095238096,0,0,0,0,0,0.0,0.0,0.0,0.0,0.0,0.0,0.005,0.010833333333333334,0.13583333333333333,0.8483333333333334,0,0,0,0,0,0.0,0.0,0.0,0.0,0.0,0.0,0.0044444444444444444,0.012592592592592593,0.1259259259259259,0.857037037037037,0,0,0,0,0,0.0,0.0,0.0,0.0,0.0,0.0,0.004,0.012,0.122,0.862,0,0,0,0,0,0.0,0.0,0.0,0.0,0.0,0.0,0.0036363636363636364,0.012121212121212121,0.12727272727272726,0.8569696969696969,0,0,0,0,0,0.0,0.0,0.0,0.0,0.0,0.0,0.0033333333333333335,0.011111111111111112,0.12055555555555555,0.865,0:00:00.271000
0,0,0,0,0,0.0,0.0,0.0,0.0,0.0,0.0,0.0044444444444444444,0.008888888888888889,0.13666666666666666,0.85,0,0,0,0,0,0.0,0.0,0.0,0.0,0.0,0.0,0.004761904761904762,0.009523809523809525,0.13047619047619047,0.8552380952380952,0,0,0,0,0,0.0,0.0,0.0,0.0,0.0,0.0,0.004166666666666667,0.009166666666666667,0.125,0.8616666666666667,0,0,0,0,0,0.0,0.0,0.0,0.0,0.0,0.0,0.003703703703703704,0.00962962962962963,0.13037037037037036,0.8562962962962963,0,0,0,0,0,0.0,0.0,0.0,0.0,0.0,0.0,0.004,0.012,0.128,0.856,0,0,0,0,0,0.0,0.0,0.0,0.0,0.0,0.0,0.0036363636363636364,0.011515151515151515,0.12,0.8648484848484849,0,0,0,0,0,0.0,0.0,0.0,0.0,0.0,0.0,0.0033333333333333335,0.011111111111111112,0.11888888888888889,0.8666666666666667,0:00:00.317000
1.0,1.0,1.0,1.0,0,0.0,0.0,0.0,0.0,0.0,0.0,0.005555555555555556,0.01,0.15444444444444444,0.83,1.0,1.0,1.0,1.0,0,0.0,0.0,0.0,0.0,0.0,0.0,0.004761904761904762,0.008571428571428572,0.15142857142857144,0.8352380952380952,1.0,1.0,1.0,1.0,0,0.0,0.0,0.0,0.0,0.0,0.0,0.005,0.009166666666666667,0.14583333333333334,0.84,1.0,1.0,1.0,1.0,0,0.0,0.0,0.0,0.0,0.0,0.0,0.0044444444444444444,0.008888888888888889,0.13925925925925925,0.8474074074074074,1.0,1.0,1.0,1.0,0,0.0,0.0,0.0,0.0,0.0,0.0,0.004,0.009333333333333334,0.142,0.8446666666666667,1.0,1.0,1.0,1.0,0,0.0,0.0,0.0,0.0,0.0,0.0,0.004242424242424243,0.011515151515151515,0.1387878787878788,0.8454545454545455,1.0,1.0,1.0,1.0,0,0.0,0.0,0.0,0.0,0.0,0.0,0.0038888888888888888,0.011111111111111112,0.13111111111111112,0.8538888888888889,0:00:00.367000
1.0,1.0,1.0,1.0,0,0.0,0.0,0.0,0.0,0.0,0.0,0.005555555555555556,0.013333333333333334,0.16111111111111112,0.82,1.0,1.0,1.0,1.0,0,0.0,0.0,0.0,0.0,0.0,0.0,0.004761904761904762,0.012380952380952381,0.14761904761904762,0.8352380952380952,1.0,1.0,1.0,1.0,0,0.0,0.0,0.0,0.0,0.0,0.0,0.004166666666666667,0.010833333333333334,0.14416666666666667,0.8408333333333333,1.0,1.0,1.0,1.0,0,0.0,0.0,0.0,0.0,0.0,0.0,0.003703703703703704,0.011111111111111112,0.1451851851851852,0.84,1.0,1.0,1.0,1.0,0,0.0,0.0,0.0,0.0,0.0,0.0,0.004,0.01,0.13866666666666666,0.8473333333333334,1.0,1.0,1.0,1.0,0,0.0,0.0,0.0,0.0,0.0,0.0,0.0036363636363636364,0.01090909090909091,0.13818181818181818,0.8472727272727273,1.0,1.0,1.0,1.0,0,0.0,0.0,0.0,0.0,0.0,0.0,0.0038888888888888888,0.012222222222222223,0.1388888888888889,0.845,0:00:00.291000
1.0,1.0,1.0,1.0,0,0.0,0.0,0.0,0.0,0.0,0.0,0.0044444444444444444,0.013333333333333334,0.17,0.8122222222222222,1.0,1.0,1.0,1.0,0,0.0,0.0,0.0,0.0,0.0,0.0,0.004761904761904762,0.012380952380952381,0.1619047619047619,0.820952380952381,1.0,1.0,1.0,1.0,0,0.0,0.0,0.0,0.0,0.0,0.0,0.004166666666666667,0.010833333333333334,0.15333333333333332,0.8316666666666667,1.0,1.0,1.0,1.0,0,0.0,0.0,0.0,0.0,0.0,0.0,0.003703703703703704,0.00962962962962963,0.14888888888888888,0.8377777777777777,1.0,1.0,1.0,1.0,0,0.0,0.0,0.0,0.0,0.0,0.0,0.004,0.01,0.14466666666666667,0.8413333333333334,1.0,1.0,1.0,1.0,0,0.0,0.0,0.0,0.0,0.0,0.0,0.0036363636363636364,0.009696969696969697,0.1393939393939394,0.8472727272727273,1.0,1.0,1.0,1.0,0,0.0,0.0,0.0,0.0,0.0,0.0,0.0033333333333333335,0.01,0.14277777777777778,0.8438888888888889,0:00:00.363000
1.5,1.0,1.0,1.5,0,0.0,0.0,0.0,0.0,0.0,0.0,0.0022222222222222222,0.011111111111111112,0.14777777777777779,0.8388888888888889,1.5,1.0,1.0,1.5,0,0.0,0.0,0.0,0.0,0.0,0.0,0.0038095238095238095,0.011428571428571429,0.14285714285714285,0.8419047619047619,1.5,1.0,1.0,1.5,0,0.0,0.0,0.0,0.0,0.0,0.0,0.005,0.0125,0.15916666666666668,0.8233333333333334,1.5,1.0,1.0,1.5,0,0.0,0.0,0.0,0.0,0.0,0.0,0.0044444444444444444,0.011851851851851851,0.15333333333333332,0.8303703703703704,1.5,1.0,1.0,1.5,0,0.0,0.0,0.0,0.0,0.0,0.0,0.004,0.010666666666666666,0.148,0.8373333333333334,1.5,1.0,1.0,1.5,0,0.0,0.0,0.0,0.0,0.0,0.0,0.0036363636363636364,0.01090909090909091,0.1478787878787879,0.8375757575757575,1.5,1.0,1.0,1.5,0,0.0,0.0,0.0,0.0,0.0,0.0,0.0038888888888888888,0.01,0.14222222222222222,0.8438888888888889,0:00:00.278000
2.25,2.0,1.5,1.75,0,0.0,0.0,0.0,0.0,0.0,0.0022222222222222222,0.005555555555555556,0.014444444444444444,0.14444444444444443,0.8333333333333334,2.25,2.0,1.5,1.75,0,0.0,0.0,0.0,0.0,0.0,0.0019047619047619048,0.004761904761904762,0.014285714285714285,0.14285714285714285,0.8361904761904762,2.25,2.0,1.5,1.75,0,0.0,0.0,0.0,0.0,0.0,0.0016666666666666668,0.005833333333333334,0.015,0.14416666666666667,0.8333333333333334,2.25,2.0,1.5,1.75,0,0.0,0.0,0.0,0.0,0.0,0.0014814814814814814,0.006666666666666667,0.014814814814814815,0.15333333333333332,0.8237037037037037,2.25,2.0,1.5,1.75,0,0.0,0.0,0.0,0.0,0.0,0.0013333333333333333,0.006,0.014,0.14666666666666667,0.832,2.25,2.0,1.5,1.75,0,0.0,0.0,0.0,0.0,0.0,0.0012121212121212121,0.005454545454545455,0.012727272727272728,0.14181818181818182,0.8387878787878787,2.25,2.0,1.5,1.75,0,0.0,0.0,0.0,0.0,0.0,0.0011111111111111111,0.005,0.012777777777777779,0.1438888888888889,0.8372222222222222,0:00:00.298000
2.2,1.8,1.4,1.8,0,0.0,0.0,0.0,0.0,0.0,0.0033333333333333335,0.008888888888888889,0.021111111111111112,0.12777777777777777,0.8388888888888889,2.2,1.8,1.4,1.8,0,0.0,0.0,0.0,0.0,0.0,0.002857142857142857,0.007619047619047619,0.01904761904761905,0.1380952380952381,0.8323809523809523,2.2,1.8,1.4,1.8,0,0.0,0.0,0.0,0.0,0.0,0.0025,0.006666666666666667,0.0175,0.13333333333333333,0.84,2.2,1.8,1.4,1.8,0,0.0,0.0,0.0,0.0,0.0,0.0022222222222222222,0.006666666666666667,0.017777777777777778,0.13037037037037036,0.8429629629629629,2.2,1.8,1.4,1.8,0,0.0,0.0,0.0,0.0,0.0,0.002,0.007333333333333333,0.018,0.146,0.8266666666666667,2.2,1.8,1.4,1.8,0,0.0,0.0,0.0,0.0,0.0,0.0018181818181818182,0.007272727272727273,0.01696969696969697,0.14363636363636365,0.8303030303030303,2.2,1.8,1.4,1.8,0,0.0,0.0,0.0,0.0,0.0,0.0016666666666666668,0.006666666666666667,0.015555555555555555,0.13944444444444445,0.8366666666666667,0:00:00.297000
2.875,2.625,2.125,2.375,0,0.0,0.0,0.0,0.0,0.0,0.011111111111111112,0.013333333333333334,0.028888888888888888,0.13333333333333333,0.8133333333333334,2.875,2.625,2.125,2.375,0,0.0,0.0,0.0,0.0,0.0,0.009523809523809525,0.011428571428571429,0.02857142857142857,0.12857142857142856,0.8219047619047619,2.6666666666666665,2.4444444444444446,2.0,2.2222222222222223,0,0.0,0.0,0.0,0.0,0.0,0.008333333333333333,0.010833333333333334,0.02666666666666667,0.1425,0.8116666666666666,2.6666666666666665,2.4444444444444446,2.0,2.2222222222222223,0,0.0,0.0,0.0,0.0,0.0,0.007407407407407408,0.00962962962962963,0.024444444444444446,0.14074074074074075,0.8177777777777778,2.6666666666666665,2.4444444444444446,2.0,2.2222222222222223,0,0.0,0.0,0.0,0.0,0.0,0.006666666666666667,0.008666666666666666,0.023333333333333334,0.136,0.8253333333333334,2.6666666666666665,2.4444444444444446,2.0,2.2222222222222223,0,0.0,0.0,0.0,0.0,0.0,0.006060606060606061,0.00909090909090909,0.022424242424242423,0.14727272727272728,0.8151515151515152,2.6666666666666665,2.4444444444444446,2.0,2.2222222222222223,0,0.0,0.0,0.0,0.0,0.0,0.005555555555555556,0.009444444444444445,0.021666666666666667,0.14833333333333334,0.815,0:00:00.321000
3.2,2.7333333333333334,2.3333333333333335,2.8,0,0.0,0.0,0.0,0.0,0.0022222222222222222,0.01888888888888889,0.02666666666666667,0.05555555555555555,0.1388888888888889,0.7577777777777778,3.2,2.7333333333333334,2.3333333333333335,2.8,0,0.0,0.0,0.0,0.0,0.0019047619047619048,0.01619047619047619,0.022857142857142857,0.047619047619047616,0.13523809523809524,0.7761904761904762,3.2,2.7333333333333334,2.3333333333333335,2.8,0,0.0,0.0,0.0,0.0,0.0016666666666666668,0.014166666666666666,0.02,0.041666666666666664,0.14333333333333334,0.7791666666666667,3.2,2.7333333333333334,2.3333333333333335,2.8,0,0.0,0.0,0.0,0.0,0.0014814814814814814,0.012592592592592593,0.017777777777777778,0.04,0.14,0.7881481481481482,3.0625,2.625,2.25,2.6875,0,0.0,0.0,0.0,0.0,0.0013333333333333333,0.011333333333333334,0.016666666666666666,0.03666666666666667,0.14866666666666667,0.7853333333333333,3.0625,2.625,2.25,2.6875,0,0.0,0.0,0.0,0.0,0.0012121212121212121,0.010303030303030303,0.015151515151515152,0.03393939393939394,0.14424242424242426,0.7951515151515152,3.0625,2.625,2.25,2.6875,0,0.0,0.0,0.0,0.0,0.0011111111111111111,0.009444444444444445,0.014444444444444444,0.03277777777777778,0.1411111111111111,0.8011111111111111,0:00:00.308000
3.235294117647059,2.588235294117647,2.2941176470588234,2.9411764705882355,0,0.0,0.0,0.0,0.0,0.0022222222222222222,0.02,0.03333333333333333,0.056666666666666664,0.13555555555555557,0.7522222222222222,3.1052631578947367,2.473684210526316,2.1578947368421053,2.789473684210526,0,0.0,0.0,0.0,0.0,0.0019047619047619048,0.017142857142857144,0.030476190476190476,0.05333333333333334,0.13238095238095238,0.7647619047619048,3.1052631578947367,2.473684210526316,2.1578947368421053,2.789473684210526,0,0.0,0.0,0.0,0.0,0.0016666666666666668,0.015,0.02666666666666667,0.04666666666666667,0.13416666666666666,0.7758333333333334,3.1052631578947367,2.473684210526316,2.1578947368421053,2.789473684210526,0,0.0,0.0,0.0,0.0,0.0014814814814814814,0.013333333333333334,0.023703703703703703,0.04148148148148148,0.14148148148148149,0.7785185185185185,3.1052631578947367,2.473684210526316,2.1578947368421053,2.789473684210526,0,0.0,0.0,0.0,0.0,0.0013333333333333333,0.012,0.021333333333333333,0.04,0.13533333333333333,0.79,3.0,2.4,2.1,2.7,0,0.0,0.0,0.0,0.0,0.0012121212121212121,0.01090909090909091,0.02,0.03696969696969697,0.14424242424242426,0.7866666666666666,3.0,2.4,2.1,2.7,0,0.0,0.0,0.0,0.0,0.0011111111111111111,0.01,0.018333333333333333,0.034444444444444444,0.14222222222222222,0.7938888888888889,0:00:00.342000
3.1875,2.4375,2.1875,2.9375,0,0.0,0.0,0.0,0.0,0.0022222222222222222,0.015555555555555555,0.03111111111111111,0.056666666666666664,0.14,0.7544444444444445,3.111111111111111,2.388888888888889,2.111111111111111,2.8333333333333335,0,0.0,0.0,0.0,0.0,0.0019047619047619048,0.01619047619047619,0.02857142857142857,0.054285714285714284,0.1361904761904762,0.7628571428571429,3.1578947368421053,2.473684210526316,2.1578947368421053,2.8421052631578947,0,0.0,0.0,0.0,0.0,0.0016666666666666668,0.015833333333333335,0.0275,0.0525,0.12666666666666668,0.7758333333333334,3.0476190476190474,2.380952380952381,2.0476190476190474,2.7142857142857144,0,0.0,0.0,0.0,0.0,0.0014814814814814814,0.014074074074074074,0.025925925925925925,0.05037037037037037,0.1259259259259259,0.7822222222222223,3.0476190476190474,2.380952380952381,2.0476190476190474,2.7142857142857144,0,0.0,0.0,0.0,0.0,0.0013333333333333333,0.012666666666666666,0.023333333333333334,0.04533333333333334,0.12866666666666668,0.7886666666666666,3.0476190476190474,2.380952380952381,2.0476190476190474,2.7142857142857144,0,0.0,0.0,0.0,0.0,0.0012121212121212121,0.011515151515151515,0.021212121212121213,0.041212121212121214,0.13515151515151516,0.7896969696969697,3.0476190476190474,2.380952380952381,2.0476190476190474,2.7142857142857144,0,0.0,0.0,0.0,0.0,0.0011111111111111111,0.010555555555555556,0.019444444444444445,0.04,0.13111111111111112,0.7977777777777778,0:00:00.332000
3.142857142857143,2.2857142857142856,2.0714285714285716,2.9285714285714284,0,0.0,0.0,0.0,0.0,0.0022222222222222222,0.012222222222222223,0.027777777777777776,0.051111111111111114,0.14,0.7666666666666667,3.176470588235294,2.4705882352941178,2.176470588235294,2.8823529411764706,0,0.0,0.0,0.0,0.0,0.0019047619047619048,0.015238095238095238,0.02761904761904762,0.05333333333333334,0.14,0.7619047619047619,3.111111111111111,2.388888888888889,2.111111111111111,2.8333333333333335,0,0.0,0.0,0.0,0.0,0.0016666666666666668,0.014166666666666666,0.02666666666666667,0.0525,0.13583333333333333,0.7691666666666667,3.1578947368421053,2.473684210526316,2.1578947368421053,2.8421052631578947,0,0.0,0.0,0.0,0.0,0.0014814814814814814,0.014074074074074074,0.025185185185185185,0.04888888888888889,0.1259259259259259,0.7844444444444445,3.0476190476190474,2.380952380952381,2.0476190476190474,2.7142857142857144,0,0.0,0.0,0.0,0.0,0.0013333333333333333,0.012666666666666666,0.024,0.04733333333333333,0.13,0.7846666666666666,3.0476190476190474,2.380952380952381,2.0476190476190474,2.7142857142857144,0,0.0,0.0,0.0,0.0,0.0012121212121212121,0.011515151515151515,0.02181818181818182,0.04303030303030303,0.1290909090909091,0.7933333333333333,3.0476190476190474,2.380952380952381,2.0476190476190474,2.7142857142857144,0,0.0,0.0,0.0,0.0,0.0011111111111111111,0.010555555555555556,0.02,0.03944444444444444,0.1338888888888889,0.795,0:00:00.300000
2.6666666666666665,1.6666666666666667,1.5555555555555556,2.5555555555555554,0,0.0,0.0,0.0,0.0,0.0,0.005555555555555556,0.022222222222222223,0.03666666666666667,0.13555555555555557,0.8,2.923076923076923,1.9230769230769231,1.6923076923076923,2.6923076923076925,0,0.0,0.0,0.0,0.0,0.0009523809523809524,0.005714285714285714,0.02761904761904762,0.04285714285714286,0.13428571428571429,0.7885714285714286,3.0,2.235294117647059,2.0,2.764705882352941,0,0.0,0.0,0.0,0.0,0.0016666666666666668,0.011666666666666667,0.0275,0.04666666666666667,0.1475,0.765,3.0526315789473686,2.3684210526315788,2.1052631578947367,2.789473684210526,0,0.0,0.0,0.0,0.0,0.0014814814814814814,0.013333333333333334,0.025925925925925925,0.04888888888888889,0.14666666666666667,0.7637037037037037,3.0,2.3,2.05,2.75,0,0.0,0.0,0.0,0.0,0.0013333333333333333,0.012666666666666666,0.025333333333333333,0.048666666666666664,0.14133333333333334,0.7706666666666667,3.0476190476190474,2.380952380952381,2.0952380952380953,2.761904761904762,0,0.0,0.0,0.0,0.0,0.0012121212121212121,0.012727272727272728,0.024242424242424242,0.04606060606060606,0.13515151515151516,0.7806060606060606,2.9565217391304346,2.3043478260869565,2.0,2.652173913043478,0,0.0,0.0,0.0,0.0,0.0011111111111111111,0.011666666666666667,0.023333333333333334,0.045,0.13777777777777778,0.7811111111111111,0:00:00.292000
2.5,1.5,1.3333333333333333,2.3333333333333335,0,0.0,0.0,0.0,0.0,0.0,0.0033333333333333335,0.017777777777777778,0.03222222222222222,0.12444444444444444,0.8222222222222222,2.8,1.9,1.8,2.7,0,0.0,0.0,0.0,0.0,0.0009523809523809524,0.004761904761904762,0.021904761904761906,0.03333333333333333,0.13142857142857142,0.8076190476190476,3.0,2.0714285714285716,1.8571428571428572,2.7857142857142856,0,0.0,0.0,0.0,0.0,0.0016666666666666668,0.006666666666666667,0.025,0.043333333333333335,0.12916666666666668,0.7941666666666667,3.0,2.235294117647059,2.0,2.764705882352941,0,0.0,0.0,0.0,0.0,0.0014814814814814814,0.01037037037037037,0.024444444444444446,0.04148148148148148,0.1348148148148148,0.7874074074074074,3.0526315789473686,2.3684210526315788,2.1052631578947367,2.789473684210526,0,0.0,0.0,0.0,0.0,0.0013333333333333333,0.012,0.023333333333333334,0.044,0.13733333333333334,0.782,3.0,2.3,2.05,2.75,0,0.0,0.0,0.0,0.0,0.0012121212121212121,0.011515151515151515,0.02303030303030303,0.04424242424242424,0.1321212121212121,0.7878787878787878,3.0,2.3636363636363638,2.0454545454545454,2.6818181818181817,0,0.0,0.0,0.0,0.0,0.0011111111111111111,0.011666666666666667,0.02277777777777778,0.043333333333333335,0.12777777777777777,0.7933333333333333,0:00:00.337000
2.0,1.3333333333333333,1.3333333333333333,2.0,0,0.0,0.0,0.0,0.0,0.0,0.0033333333333333335,0.008888888888888889,0.021111111111111112,0.11222222222222222,0.8544444444444445,2.25,1.5,1.25,2.0,0,0.0,0.0,0.0,0.0,0.0,0.002857142857142857,0.009523809523809525,0.024761904761904763,0.11047619047619048,0.8523809523809524,2.5,1.5,1.375,2.375,0,0.0,0.0,0.0,0.0,0.0,0.0033333333333333335,0.015,0.02666666666666667,0.11416666666666667,0.8408333333333333,2.909090909090909,1.9090909090909092,1.8181818181818181,2.8181818181818183,0,0.0,0.0,0.0,0.0,0.0007407407407407407,0.003703703703703704,0.01925925925925926,0.02962962962962963,0.1162962962962963,0.8303703703703704,3.0,2.1333333333333333,1.9333333333333333,2.8,0,0.0,0.0,0.0,0.0,0.0013333333333333333,0.007333333333333333,0.02,0.037333333333333336,0.12133333333333333,0.8126666666666666,3.1176470588235294,2.3529411764705883,2.1176470588235294,2.8823529411764706,0,0.0,0.0,0.0,0.0,0.0012121212121212121,0.00909090909090909,0.020606060606060607,0.03515151515151515,0.12363636363636364,0.8103030303030303,3.0,2.3,2.05,2.75,0,0.0,0.0,0.0,0.0,0.0011111111111111111,0.010555555555555556,0.020555555555555556,0.03944444444444444,0.1272222222222222,0.8011111111111111,0:00:00.330000
3.2,1.8,1.8,3.2,0,0.0,0.0,0.0,0.0,0.0011111111111111111,0.005555555555555556,0.012222222222222223,0.021111111111111112,0.09666666666666666,0.8633333333333333,3.2,1.8,1.8,3.2,0,0.0,0.0,0.0,0.0,0.0009523809523809524,0.004761904761904762,0.011428571428571429,0.022857142857142857,0.1,0.86,3.0,1.7142857142857142,1.5714285714285714,2.857142857142857,0,0.0,0.0,0.0,0.0,0.0008333333333333334,0.005,0.011666666666666667,0.025,0.10416666666666667,0.8533333333333334,3.0,1.6666666666666667,1.5555555555555556,2.888888888888889,0,0.0,0.0,0.0,0.0,0.0007407407407407407,0.0044444444444444444,0.015555555555555555,0.027407407407407408,0.1037037037037037,0.8481481481481481,3.076923076923077,1.9230769230769231,1.8461538461538463,3.0,0,0.0,0.0,0.0,0.0,0.0013333333333333333,0.005333333333333333,0.018666666666666668,0.028666666666666667,0.11,0.836,3.1176470588235294,2.0,1.8235294117647058,2.9411764705882355,0,0.0,0.0,0.0,0.0,0.0018181818181818182,0.006666666666666667,0.020606060606060607,0.03515151515151515,0.10848484848484849,0.8272727272727273,3.15,2.2,2.0,2.95,0,0.0,0.0,0.0,0.0,0.0016666666666666668,0.009444444444444445,0.021111111111111112,0.035555555555555556,0.11666666666666667,0.8155555555555556,0:00:00.366000
4.666666666666667,3.5,3.1666666666666665,4.333333333333333,0,0.0,0.0,0.0,0.0011111111111111111,0.005555555555555556,0.012222222222222223,0.0077777777777777776,0.021111111111111112,0.06111111111111111,0.8911111111111111,4.0,3.0,2.75,3.75,0,0.0,0.0,0.0,0.0009523809523809524,0.004761904761904762,0.012380952380952381,0.010476190476190476,0.023809523809523808,0.08476190476190476,0.8628571428571429,4.0,3.0,2.75,3.75,0,0.0,0.0,0.0,0.0008333333333333334,0.004166666666666667,0.010833333333333334,0.01,0.023333333333333334,0.09083333333333334,0.86,3.7777777777777777,2.7777777777777777,2.5555555555555554,3.5555555555555554,0,0.0,0.0,0.0,0.0007407407407407407,0.003703703703703704,0.01037037037037037,0.00962962962962963,0.024444444444444446,0.09333333333333334,0.8577777777777778,3.7,2.7,2.4,3.4,0,0.0,0.0,0.0,0.0006666666666666666,0.0033333333333333335,0.009333333333333334,0.01,0.02666666666666667,0.094,0.856,3.4285714285714284,2.357142857142857,2.142857142857143,3.2142857142857144,0,0.0,0.0,0.0,0.0006060606060606061,0.0030303030303030303,0.00909090909090909,0.013939393939393939,0.027878787878787878,0.09818181818181818,0.8472727272727273,3.5294117647058822,2.4705882352941178,2.2941176470588234,3.3529411764705883,0,0.0,0.0,0.0,0.0005555555555555556,0.0033333333333333335,0.008888888888888889,0.017222222222222222,0.03,0.10111111111111111,0.8388888888888889,0:00:00.365000
4.0,3.0,2.625,3.625,0,0.0,0.0,0.0,0.0011111111111111111,0.005555555555555556,0.012222222222222223,0.01,0.025555555555555557,0.06111111111111111,0.8844444444444445,4.0,3.0,2.625,3.625,0,0.0,0.0,0.0,0.0009523809523809524,0.004761904761904762,0.010476190476190476,0.010476190476190476,0.025714285714285714,0.06761904761904762,0.88,3.6,2.7,2.4,3.3,0,0.0,0.0,0.0,0.0008333333333333334,0.004166666666666667,0.010833333333333334,0.0125,0.0275,0.08666666666666667,0.8575,3.6,2.7,2.4,3.3,0,0.0,0.0,0.0,0.0007407407407407407,0.003703703703703704,0.00962962962962963,0.011851851851851851,0.02666666666666667,0.09111111111111111,0.8562962962962963,3.4545454545454546,2.5454545454545454,2.272727272727273,3.1818181818181817,0,0.0,0.0,0.0,0.0006666666666666666,0.0033333333333333335,0.009333333333333334,0.011333333333333334,0.028,0.09466666666666666,0.8526666666666667,3.4166666666666665,2.5,2.1666666666666665,3.0833333333333335,0,0.0,0.0,0.0,0.0006060606060606061,0.0030303030303030303,0.008484848484848486,0.011515151515151515,0.02909090909090909,0.09333333333333334,0.8539393939393939,3.25,2.25,2.0,3.0,0,0.0,0.0,0.0,0.0005555555555555556,0.002777777777777778,0.008333333333333333,0.015,0.03,0.09722222222222222,0.8461111111111111,0:00:00.314000
3.9,3.1,2.7,3.5,0,0.0,0.0,0.0,0.0011111111111111111,0.005555555555555556,0.014444444444444444,0.015555555555555555,0.03,0.06111111111111111,0.8722222222222222,3.9,3.1,2.7,3.5,0,0.0,0.0,0.0,0.0009523809523809524,0.004761904761904762,0.012380952380952381,0.013333333333333334,0.02666666666666667,0.06476190476190476,0.8771428571428571,3.9,3.1,2.7,3.5,0,0.0,0.0,0.0,0.0008333333333333334,0.004166666666666667,0.010833333333333334,0.013333333333333334,0.025,0.065,0.8808333333333334,3.6363636363636362,2.909090909090909,2.5454545454545454,3.272727272727273,0,0.0,0.0,0.0,0.0007407407407407407,0.003703703703703704,0.00962962962962963,0.014814814814814815,0.027407407407407408,0.07925925925925927,0.8644444444444445,3.5833333333333335,2.8333333333333335,2.5,3.25,0,0.0,0.0,0.0,0.0006666666666666666,0.0033333333333333335,0.01,0.013333333333333334,0.026,0.08666666666666667,0.86,3.5833333333333335,2.8333333333333335,2.5,3.25,0,0.0,0.0,0.0,0.0006060606060606061,0.0030303030303030303,0.00909090909090909,0.012727272727272728,0.02727272727272727,0.0903030303030303,0.8569696969696969,3.4285714285714284,2.642857142857143,2.2857142857142856,3.0714285714285716,0,0.0,0.0,0.0,0.0005555555555555556,0.002777777777777778,0.008888888888888889,0.013333333333333334,0.029444444444444443,0.09333333333333334,0.8516666666666667,0:00:00.273000
3.857142857142857,3.5714285714285716,3.0,3.2857142857142856,0,0.0,0.0,0.0,0.0011111111111111111,0.0044444444444444444,0.011111111111111112,0.012222222222222223,0.028888888888888888,0.08,0.8622222222222222,3.9,3.1,2.7,3.5,0,0.0,0.0,0.0,0.0009523809523809524,0.004761904761904762,0.012380952380952381,0.015238095238095238,0.03142857142857143,0.07714285714285714,0.8580952380952381,3.9,3.1,2.7,3.5,0,0.0,0.0,0.0,0.0008333333333333334,0.004166666666666667,0.010833333333333334,0.013333333333333334,0.0275,0.07333333333333333,0.87,3.9,3.1,2.7,3.5,0,0.0,0.0,0.0,0.0007407407407407407,0.003703703703703704,0.00962962962962963,0.011851851851851851,0.025185185185185185,0.0725925925925926,0.8762962962962964,3.9,3.1,2.7,3.5,0,0.0,0.0,0.0,0.0006666666666666666,0.0033333333333333335,0.008666666666666666,0.012,0.025333333333333333,0.07333333333333333,0.8766666666666667,3.5833333333333335,2.8333333333333335,2.5,3.25,0,0.0,0.0,0.0,0.0006060606060606061,0.0030303030303030303,0.00909090909090909,0.013333333333333334,0.02666666666666667,0.08727272727272728,0.86,3.5833333333333335,2.8333333333333335,2.5,3.25,0,0.0,0.0,0.0,0.0005555555555555556,0.002777777777777778,0.008333333333333333,0.012777777777777779,0.026111111111111113,0.09166666666666666,0.8577777777777778,0:00:00.277000
3.857142857142857,3.5714285714285716,3.0,3.2857142857142856,0,0.0,0.0,0.0,0.0011111111111111111,0.0044444444444444444,0.011111111111111112,0.012222222222222223,0.03111111111111111,0.0811111111111111,0.8588888888888889,4.0,3.5714285714285716,3.0,3.4285714285714284,0,0.0,0.0,0.0,0.0009523809523809524,0.0038095238095238095,0.009523809523809525,0.010476190476190476,0.02761904761904762,0.0761904761904762,0.8714285714285714,3.9,3.1,2.7,3.5,0,0.0,0.0,0.0,0.0008333333333333334,0.004166666666666667,0.010833333333333334,0.013333333333333334,0.029166666666666667,0.07166666666666667,0.87,3.9,3.1,2.7,3.5,0,0.0,0.0,0.0,0.0007407407407407407,0.003703703703703704,0.00962962962962963,0.011851851851851851,0.02666666666666667,0.07185185185185185,0.8755555555555555,3.9,3.1,2.7,3.5,0,0.0,0.0,0.0,0.0006666666666666666,0.0033333333333333335,0.008666666666666666,0.010666666666666666,0.024,0.072,0.8806666666666667,3.9,3.1,2.7,3.5,0,0.0,0.0,0.0,0.0006060606060606061,0.0030303030303030303,0.00787878787878788,0.012727272727272728,0.02484848484848485,0.07878787878787878,0.8721212121212121,3.5833333333333335,2.8333333333333335,2.5,3.25,0,0.0,0.0,0.0,0.0005555555555555556,0.002777777777777778,0.008333333333333333,0.012222222222222223,0.025555555555555557,0.08611111111111111,0.8644444444444445,0:00:00.384000
2.75,2.5,2.0,2.25,0,0.0,0.0,0.0,0.0,0.0,0.0022222222222222222,0.012222222222222223,0.024444444444444446,0.09111111111111111,0.87,2.8,2.6,2.0,2.2,0,0.0,0.0,0.0,0.0,0.0,0.0038095238095238095,0.010476190476190476,0.024761904761904763,0.08666666666666667,0.8742857142857143,3.857142857142857,3.5714285714285716,3.0,3.2857142857142856,0,0.0,0.0,0.0,0.0008333333333333334,0.0033333333333333335,0.008333333333333333,0.009166666666666667,0.024166666666666666,0.08166666666666667,0.8725,3.9,3.1,2.7,3.5,0,0.0,0.0,0.0,0.0007407407407407407,0.003703703703703704,0.00962962962962963,0.011851851851851851,0.02666666666666667,0.07925925925925927,0.8681481481481481,3.9,3.1,2.7,3.5,0,0.0,0.0,0.0,0.0006666666666666666,0.0033333333333333335,0.008666666666666666,0.010666666666666666,0.024,0.076,0.8766666666666667,3.9,3.1,2.7,3.5,0,0.0,0.0,0.0,0.0006060606060606061,0.0030303030303030303,0.00787878787878788,0.009696969696969697,0.022424242424242423,0.07515151515151515,0.8812121212121212,3.9,3.1,2.7,3.5,0,0.0,0.0,0.0,0.0005555555555555556,0.002777777777777778,0.007222222222222222,0.01,0.02277777777777778,0.07555555555555556,0.8811111111111111,0:00:00.302000
1.0,1.0,1.0,1.0,0,0.0,0.0,0.0,0.0,0.0,0.0,0.005555555555555556,0.014444444444444444,0.11777777777777777,0.8622222222222222,3.0,2.6666666666666665,2.3333333333333335,2.6666666666666665,0,0.0,0.0,0.0,0.0,0.0,0.0019047619047619048,0.010476190476190476,0.01904761904761905,0.10666666666666667,0.861904761904762,2.75,2.5,2.0,2.25,0,0.0,0.0,0.0,0.0,0.0,0.0016666666666666668,0.01,0.020833333333333332,0.1075,0.86,3.857142857142857,3.5714285714285716,3.0,3.2857142857142856,0,0.0,0.0,0.0,0.0007407407407407407,0.002962962962962963,0.007407407407407408,0.008888888888888889,0.02148148148148148,0.09851851851851852,0.86,3.6666666666666665,3.2222222222222223,2.7777777777777777,3.2222222222222223,0,0.0,0.0,0.0,0.0006666666666666666,0.0033333333333333335,0.008666666666666666,0.008666666666666666,0.021333333333333333,0.094,0.8633333333333333,3.9,3.1,2.7,3.5,0,0.0,0.0,0.0,0.0006060606060606061,0.0030303030303030303,0.00787878787878788,0.010303030303030303,0.02181818181818182,0.08787878787878788,0.8684848484848485,3.9,3.1,2.7,3.5,0,0.0,0.0,0.0,0.0005555555555555556,0.002777777777777778,0.007222222222222222,0.009444444444444445,0.021111111111111112,0.08833333333333333,0.8705555555555555,0:00:00.296000
0,0,0,0,0,0.0,0.0,0.0,0.0,0.0,0.0,0.0044444444444444444,0.008888888888888889,0.17444444444444446,0.8122222222222222,0,0,0,0,0,0.0,0.0,0.0,0.0,0.0,0.0,0.0038095238095238095,0.010476190476190476,0.16,0.8257142857142857,3.5,3.5,3.0,3.0,0,0.0,0.0,0.0,0.0,0.0,0.0016666666666666668,0.0075,0.013333333333333334,0.15166666666666667,0.8258333333333333,2.75,2.5,2.0,2.25,0,0.0,0.0,0.0,0.0,0.0,0.0014814814814814814,0.00962962962962963,0.017777777777777778,0.14148148148148149,0.8296296296296296,2.8,2.6,2.0,2.2,0,0.0,0.0,0.0,0.0,0.0,0.0026666666666666666,0.008666666666666666,0.018666666666666668,0.136,0.834,3.857142857142857,3.5714285714285716,3.0,3.2857142857142856,0,0.0,0.0,0.0,0.0006060606060606061,0.0024242424242424242,0.006060606060606061,0.00787878787878788,0.018787878787878787,0.12727272727272726,0.8369696969696969,3.9,3.1,2.7,3.5,0,0.0,0.0,0.0,0.0005555555555555556,0.002777777777777778,0.007222222222222222,0.01,0.021111111111111112,0.12055555555555555,0.8377777777777777,0:00:00.333000
0,0,0,0,0,0.0,0.0,0.0,0.0,0.0,0.0,0.0022222222222222222,0.0044444444444444444,0.18888888888888888,0.8044444444444444,0,0,0,0,0,0.0,0.0,0.0,0.0,0.0,0.0,0.0019047619047619048,0.005714285714285714,0.1761904761904762,0.8161904761904762,0,0,0,0,0,0.0,0.0,0.0,0.0,0.0,0.0,0.0033333333333333335,0.009166666666666667,0.17,0.8175,0,0,0,0,0,0.0,0.0,0.0,0.0,0.0,0.0,0.002962962962962963,0.008888888888888889,0.16148148148148148,0.8266666666666667,3.5,3.5,3.0,3.0,0,0.0,0.0,0.0,0.0,0.0,0.0013333333333333333,0.006,0.011333333333333334,0.152,0.8293333333333334,2.75,2.5,2.0,2.25,0,0.0,0.0,0.0,0.0,0.0,0.0012121212121212121,0.00787878787878788,0.015151515151515152,0.14606060606060606,0.8296969696969697,2.8,2.6,2.0,2.2,0,0.0,0.0,0.0,0.0,0.0,0.0022222222222222222,0.007222222222222222,0.01611111111111111,0.1388888888888889,0.8355555555555556,0:00:00.326000
0,0,0,0,0,0.0,0.0,0.0,0.0,0.0,0.0,0.0022222222222222222,0.0044444444444444444,0.18777777777777777,0.8055555555555556,0,0,0,0,0,0.0,0.0,0.0,0.0,0.0,0.0,0.0019047619047619048,0.0038095238095238095,0.16857142857142857,0.8257142857142857,0,0,0,0,0,0.0,0.0,0.0,0.0,0.0,0.0,0.0016666666666666668,0.005833333333333334,0.16333333333333333,0.8291666666666667,0,0,0,0,0,0.0,0.0,0.0,0.0,0.0,0.0,0.002962962962962963,0.007407407407407408,0.15851851851851853,0.8311111111111111,0,0,0,0,0,0.0,0.0,0.0,0.0,0.0,0.0,0.0026666666666666666,0.008666666666666666,0.15,0.8386666666666667,3.5,3.5,3.0,3.0,0,0.0,0.0,0.0,0.0,0.0,0.0012121212121212121,0.005454545454545455,0.01090909090909091,0.14484848484848484,0.8375757575757575,2.75,2.5,2.0,2.25,0,0.0,0.0,0.0,0.0,0.0,0.0011111111111111111,0.007222222222222222,0.014444444444444444,0.13777777777777778,0.8394444444444444,0:00:00.312000
0,0,0,0,0,0.0,0.0,0.0,0.0,0.0,0.0,0.0,0.0077777777777777776,0.20777777777777778,0.7844444444444445,0,0,0,0,0,0.0,0.0,0.0,0.0,0.0,0.0,0.0019047619047619048,0.007619047619047619,0.21619047619047618,0.7742857142857142,0,0,0,0,0,0.0,0.0,0.0,0.0,0.0,0.0,0.0016666666666666668,0.006666666666666667,0.2025,0.7891666666666667,0,0,0,0,0,0.0,0.0,0.0,0.0,0.0,0.0,0.0014814814814814814,0.006666666666666667,0.19185185185185186,0.8,0,0,0,0,0,0.0,0.0,0.0,0.0,0.0,0.0,0.0013333333333333333,0.007333333333333333,0.18,0.8113333333333334,0,0,0,0,0,0.0,0.0,0.0,0.0,0.0,0.0,0.0024242424242424242,0.009696969696969697,0.17393939393939395,0.813939393939394,0,0,0,0,0,0.0,0.0,0.0,0.0,0.0,0.0,0.0022222222222222222,0.009444444444444445,0.16833333333333333,0.82,0:00:00.328000
2.0,1.0,1.0,2.0,0,0.0,0.0,0.0,0.0,0.0,0.0011111111111111111,0.0011111111111111111,0.013333333333333334,0.17777777777777778,0.8066666666666666,2.0,1.0,1.0,2.0,0,0.0,0.0,0.0,0.0,0.0,0.0009523809523809524,0.0009523809523809524,0.011428571428571429,0.1980952380952381,0.7885714285714286,2.0,1.0,1.0,2.0,0,0.0,0.0,0.0,0.0,0.0,0.0008333333333333334,0.0008333333333333334,0.010833333333333334,0.20083333333333334,0.7866666666666666,2.0,1.0,1.0,2.0,0,0.0,0.0,0.0,0.0,0.0,0.0007407407407407407,0.0022222222222222222,0.01037037037037037,0.2088888888888889,0.7777777777777778,2.0,1.0,1.0,2.0,0,0.0,0.0,0.0,0.0,0.0,0.0006666666666666666,0.002,0.009333333333333334,0.194,0.794,2.0,1.0,1.0,2.0,0,0.0,0.0,0.0,0.0,0.0,0.0006060606060606061,0.0018181818181818182,0.00909090909090909,0.18727272727272729,0.8012121212121213,2.0,1.0,1.0,2.0,0,0.0,0.0,0.0,0.0,0.0,0.0005555555555555556,0.0016666666666666668,0.009444444444444445,0.17722222222222223,0.8111111111111111,0:00:00.293000
2.0,1.0,1.0,2.0,0,0.0,0.0,0.0,0.0,0.0,0.0011111111111111111,0.0022222222222222222,0.013333333333333334,0.1688888888888889,0.8144444444444444,2.0,1.0,1.0,2.0,0,0.0,0.0,0.0,0.0,0.0,0.0009523809523809524,0.0019047619047619048,0.012380952380952381,0.18285714285714286,0.8019047619047619,2.0,1.0,1.0,2.0,0,0.0,0.0,0.0,0.0,0.0,0.0008333333333333334,0.0016666666666666668,0.010833333333333334,0.20166666666666666,0.785,2.0,1.0,1.0,2.0,0,0.0,0.0,0.0,0.0,0.0,0.0007407407407407407,0.0022222222222222222,0.011111111111111112,0.2051851851851852,0.7807407407407407,2.0,1.0,1.0,2.0,0,0.0,0.0,0.0,0.0,0.0,0.0006666666666666666,0.0026666666666666666,0.01,0.20466666666666666,0.782,2.0,1.0,1.0,2.0,0,0.0,0.0,0.0,0.0,0.0,0.0006060606060606061,0.0024242424242424242,0.00909090909090909,0.19090909090909092,0.796969696969697,2.0,1.0,1.0,2.0,0,0.0,0.0,0.0,0.0,0.0,0.0005555555555555556,0.0022222222222222222,0.01,0.18555555555555556,0.8016666666666666,0:00:00.411000
2.0,1.0,1.0,2.0,0,0.0,0.0,0.0,0.0,0.0,0.0011111111111111111,0.0022222222222222222,0.014444444444444444,0.18555555555555556,0.7966666666666666,2.0,1.0,1.0,2.0,0,0.0,0.0,0.0,0.0,0.0,0.0009523809523809524,0.0019047619047619048,0.013333333333333334,0.16476190476190475,0.819047619047619,2.0,1.0,1.0,2.0,0,0.0,0.0,0.0,0.0,0.0,0.0008333333333333334,0.0016666666666666668,0.011666666666666667,0.1475,0.8383333333333334,2.0,1.0,1.0,2.0,0,0.0,0.0,0.0,0.0,0.0,0.0007407407407407407,0.0014814814814814814,0.011111111111111112,0.1637037037037037,0.822962962962963,2.0,1.0,1.0,2.0,0,0.0,0.0,0.0,0.0,0.0,0.0006666666666666666,0.0013333333333333333,0.01,0.17933333333333334,0.8086666666666666,2.0,1.0,1.0,2.0,0,0.0,0.0,0.0,0.0,0.0,0.0006060606060606061,0.0018181818181818182,0.010303030303030303,0.18484848484848485,0.8024242424242424,2.0,1.0,1.0,2.0,0,0.0,0.0,0.0,0.0,0.0,0.0005555555555555556,0.0022222222222222222,0.009444444444444445,0.18444444444444444,0.8033333333333333,0:00:00.301000
2.0,1.0,1.0,2.0,0,0.0,0.0,0.0,0.0,0.0,0.0011111111111111111,0.0022222222222222222,0.02,0.15444444444444444,0.8222222222222222,2.0,1.0,1.0,2.0,0,0.0,0.0,0.0,0.0,0.0,0.0009523809523809524,0.0019047619047619048,0.02,0.17333333333333334,0.8038095238095239,2.0,1.0,1.0,2.0,0,0.0,0.0,0.0,0.0,0.0,0.0008333333333333334,0.0016666666666666668,0.019166666666666665,0.18333333333333332,0.795,2.0,1.0,1.0,2.0,0,0.0,0.0,0.0,0.0,0.0,0.0007407407407407407,0.0014814814814814814,0.018518518518518517,0.1688888888888889,0.8103703703703704,2.0,1.0,1.0,2.0,0,0.0,0.0,0.0,0.0,0.0,0.0006666666666666666,0.0013333333333333333,0.016666666666666666,0.15466666666666667,0.8266666666666667,2.0,1.0,1.0,2.0,0,0.0,0.0,0.0,0.0,0.0,0.0006060606060606061,0.0012121212121212121,0.01575757575757576,0.16727272727272727,0.8151515151515152,2.0,1.0,1.0,2.0,0,0.0,0.0,0.0,0.0,0.0,0.0005555555555555556,0.0011111111111111111,0.014444444444444444,0.18,0.8038888888888889,0:00:00.502000
0,0,0,0,0,0.0,0.0,0.0,0.0,0.0,0.0,0.0011111111111111111,0.022222222222222223,0.12777777777777777,0.8488888888888889,0,0,0,0,0,0.0,0.0,0.0,0.0,0.0,0.0,0.0009523809523809524,0.02,0.12571428571428572,0.8533333333333334,2.0,1.0,1.0,2.0,0,0.0,0.0,0.0,0.0,0.0,0.0008333333333333334,0.0016666666666666668,0.020833333333333332,0.1425,0.8341666666666666,2.0,1.0,1.0,2.0,0,0.0,0.0,0.0,0.0,0.0,0.0007407407407407407,0.0014814814814814814,0.02148148148148148,0.1622222222222222,0.8140740740740741,2.0,1.0,1.0,2.0,0,0.0,0.0,0.0,0.0,0.0,0.0006666666666666666,0.0013333333333333333,0.02,0.156,0.822,2.0,1.0,1.0,2.0,0,0.0,0.0,0.0,0.0,0.0,0.0006060606060606061,0.0012121212121212121,0.01818181818181818,0.14545454545454545,0.8345454545454546,2.0,1.0,1.0,2.0,0,0.0,0.0,0.0,0.0,0.0,0.0005555555555555556,0.0011111111111111111,0.017222222222222222,0.15055555555555555,0.8305555555555556,0:00:00.345000
0,0,0,0,0,0.0,0.0,0.0,0.0,0.0,0.0,0.0,0.021111111111111112,0.1111111111111111,0.8677777777777778,0,0,0,0,0,0.0,0.0,0.0,0.0,0.0,0.0,0.0009523809523809524,0.01904761904761905,0.11619047619047619,0.8638095238095238,0,0,0,0,0,0.0,0.0,0.0,0.0,0.0,0.0,0.0008333333333333334,0.018333333333333333,0.11833333333333333,0.8625,2.0,1.0,1.0,2.0,0,0.0,0.0,0.0,0.0,0.0,0.0007407407407407407,0.0014814814814814814,0.01925925925925926,0.13185185185185186,0.8466666666666667,2.0,1.0,1.0,2.0,0,0.0,0.0,0.0,0.0,0.0,0.0006666666666666666,0.0013333333333333333,0.02,0.15533333333333332,0.8226666666666667,2.0,1.0,1.0,2.0,0,0.0,0.0,0.0,0.0,0.0,0.0006060606060606061,0.0012121212121212121,0.01818181818181818,0.15393939393939393,0.826060606060606,2.0,1.0,1.0,2.0,0,0.0,0.0,0.0,0.0,0.0,0.0005555555555555556,0.0011111111111111111,0.017222222222222222,0.145,0.8361111111111111,0:00:00.280000
0,0,0,0,0,0.0,0.0,0.0,0.0,0.0,0.0,0.0,0.021111111111111112,0.11222222222222222,0.8666666666666667,0,0,0,0,0,0.0,0.0,0.0,0.0,0.0,0.0,0.0,0.018095238095238095,0.11047619047619048,0.8714285714285714,0,0,0,0,0,0.0,0.0,0.0,0.0,0.0,0.0,0.0008333333333333334,0.018333333333333333,0.12,0.8608333333333333,2.0,1.0,1.0,2.0,0,0.0,0.0,0.0,0.0,0.0,0.0007407407407407407,0.0014814814814814814,0.016296296296296295,0.12444444444444444,0.857037037037037,2.0,1.0,1.0,2.0,0,0.0,0.0,0.0,0.0,0.0,0.0006666666666666666,0.0013333333333333333,0.018666666666666668,0.13733333333333334,0.842,2.0,1.0,1.0,2.0,0,0.0,0.0,0.0,0.0,0.0,0.0006060606060606061,0.0012121212121212121,0.01818181818181818,0.15454545454545454,0.8254545454545454,2.0,1.0,1.0,2.0,0,0.0,0.0,0.0,0.0,0.0,0.0005555555555555556,0.0011111111111111111,0.017222222222222222,0.145,0.8361111111111111,0:00:00.381000
0,0,0,0,0,0.0,0.0,0.0,0.0,0.0,0.0,0.0,0.02,0.10555555555555556,0.8744444444444445,0,0,0,0,0,0.0,0.0,0.0,0.0,0.0,0.0,0.0,0.01904761904761905,0.0980952380952381,0.8828571428571429,0,0,0,0,0,0.0,0.0,0.0,0.0,0.0,0.0,0.0008333333333333334,0.016666666666666666,0.10166666666666667,0.8808333333333334,0,0,0,0,0,0.0,0.0,0.0,0.0,0.0,0.0,0.0007407407407407407,0.017037037037037038,0.10888888888888888,0.8733333333333333,2.0,1.0,1.0,2.0,0,0.0,0.0,0.0,0.0,0.0,0.0006666666666666666,0.0013333333333333333,0.017333333333333333,0.12,0.8606666666666667,2.0,1.0,1.0,2.0,0,0.0,0.0,0.0,0.0,0.0,0.0006060606060606061,0.0012121212121212121,0.018787878787878787,0.14,0.8393939393939394,2.0,1.0,1.0,2.0,0,0.0,0.0,0.0,0.0,0.0,0.0005555555555555556,0.0011111111111111111,0.017222222222222222,0.145,0.8361111111111111,0:00:00.264000
0,0,0,0,0,0.0,0.0,0.0,0.0,0.0,0.0,0.0,0.011111111111111112,0.057777777777777775,0.9311111111111111,0,0,0,0,0,0.0,0.0,0.0,0.0,0.0,0.0,0.0,0.01619047619047619,0.08476190476190476,0.8990476190476191,0,0,0,0,0,0.0,0.0,0.0,0.0,0.0,0.0,0.0,0.015,0.0875,0.8975,0,0,0,0,0,0.0,0.0,0.0,0.0,0.0,0.0,0.0,0.014814814814814815,0.08518518518518518,0.9,0,0,0,0,0,0.0,0.0,0.0,0.0,0.0,0.0,0.0006666666666666666,0.014,0.092,0.8933333333333333,0,0,0,0,0,0.0,0.0,0.0,0.0,0.0,0.0,0.0006060606060606061,0.013939393939393939,0.09575757575757576,0.8896969696969697,2.0,1.0,1.0,2.0,0,0.0,0.0,0.0,0.0,0.0,0.0005555555555555556,0.0011111111111111111,0.015,0.10666666666666667,0.8766666666666667,0:00:00.358000
0,0,0,0,0,0.0,0.0,0.0,0.0,0.0,0.0,0.0,0.01,0.051111111111111114,0.9388888888888889,0,0,0,0,0,0.0,0.0,0.0,0.0,0.0,0.0,0.0,0.014285714285714285,0.05142857142857143,0.9342857142857143,0,0,0,0,0,0.0,0.0,0.0,0.0,0.0,0.0,0.0,0.018333333333333333,0.06666666666666667,0.915,0,0,0,0,0,0.0,0.0,0.0,0.0,0.0,0.0,0.0,0.017037037037037038,0.07851851851851852,0.9044444444444445,0,0,0,0,0,0.0,0.0,0.0,0.0,0.0,0.0,0.0,0.016666666666666666,0.07733333333333334,0.906,0,0,0,0,0,0.0,0.0,0.0,0.0,0.0,0.0,0.0,0.015151515151515152,0.08,0.9048484848484849,0,0,0,0,0,0.0,0.0,0.0,0.0,0.0,0.0,0.0005555555555555556,0.015555555555555555,0.08833333333333333,0.8955555555555555,0:00:00.265000
0,0,0,0,0,0.0,0.0,0.0,0.0,0.0,0.0,0.0,0.011111111111111112,0.04,0.9488888888888889,0,0,0,0,0,0.0,0.0,0.0,0.0,0.0,0.0,0.0,0.010476190476190476,0.047619047619047616,0.9419047619047619,0,0,0,0,0,0.0,0.0,0.0,0.0,0.0,0.0,0.0,0.0125,0.0475,0.94,0,0,0,0,0,0.0,0.0,0.0,0.0,0.0,0.0,0.0,0.014074074074074074,0.05407407407407407,0.9318518518518518,0,0,0,0,0,0.0,0.0,0.0,0.0,0.0,0.0,0.0,0.017333333333333333,0.07266666666666667,0.91,0,0,0,0,0,0.0,0.0,0.0,0.0,0.0,0.0,0.0,0.017575757575757574,0.07393939393939394,0.9084848484848485,0,0,0,0,0,0.0,0.0,0.0,0.0,0.0,0.0,0.0,0.01611111111111111,0.07555555555555556,0.9083333333333333,0:00:00.327000
2.0,2.0,1.0,1.0,0,0.0,0.0,0.0,0.0,0.0,0.0011111111111111111,0.0033333333333333335,0.013333333333333334,0.03777777777777778,0.9444444444444444,2.0,2.0,1.0,1.0,0,0.0,0.0,0.0,0.0,0.0,0.0009523809523809524,0.002857142857142857,0.012380952380952381,0.04857142857142857,0.9352380952380952,2.0,2.0,1.0,1.0,0,0.0,0.0,0.0,0.0,0.0,0.0008333333333333334,0.0025,0.0125,0.050833333333333335,0.9333333333333333,2.0,2.0,1.0,1.0,0,0.0,0.0,0.0,0.0,0.0,0.0007407407407407407,0.0022222222222222222,0.015555555555555555,0.051111111111111114,0.9303703703703704,2.0,2.0,1.0,1.0,0,0.0,0.0,0.0,0.0,0.0,0.0006666666666666666,0.002,0.018666666666666668,0.06333333333333334,0.9153333333333333,2.0,2.0,1.0,1.0,0,0.0,0.0,0.0,0.0,0.0,0.0006060606060606061,0.0018181818181818182,0.017575757575757574,0.07333333333333333,0.9066666666666666,2.0,2.0,1.0,1.0,0,0.0,0.0,0.0,0.0,0.0,0.0005555555555555556,0.0016666666666666668,0.017222222222222222,0.07277777777777777,0.9077777777777778,0:00:00.382000
2.0,2.0,1.0,1.0,0,0.0,0.0,0.0,0.0,0.0,0.0011111111111111111,0.005555555555555556,0.023333333333333334,0.04666666666666667,0.9233333333333333,2.0,2.0,1.0,1.0,0,0.0,0.0,0.0,0.0,0.0,0.0009523809523809524,0.004761904761904762,0.02,0.045714285714285714,0.9285714285714286,2.0,2.0,1.0,1.0,0,0.0,0.0,0.0,0.0,0.0,0.0008333333333333334,0.004166666666666667,0.018333333333333333,0.055,0.9216666666666666,2.0,2.0,1.0,1.0,0,0.0,0.0,0.0,0.0,0.0,0.0007407407407407407,0.003703703703703704,0.018518518518518517,0.054814814814814816,0.9222222222222223,2.0,2.0,1.0,1.0,0,0.0,0.0,0.0,0.0,0.0,0.0006666666666666666,0.0033333333333333335,0.02,0.05533333333333333,0.9206666666666666,2.0,2.0,1.0,1.0,0,0.0,0.0,0.0,0.0,0.0,0.0006060606060606061,0.0030303030303030303,0.022424242424242423,0.07454545454545454,0.8993939393939394,2.0,2.0,1.0,1.0,0,0.0,0.0,0.0,0.0,0.0,0.0005555555555555556,0.002777777777777778,0.021111111111111112,0.07555555555555556,0.9,0:00:00.372000
2.5,1.5,1.0,2.0,0,0.0,0.0,0.0,0.0,0.0,0.0011111111111111111,0.01,0.027777777777777776,0.06555555555555556,0.8955555555555555,2.5,1.5,1.0,2.0,0,0.0,0.0,0.0,0.0,0.0,0.0009523809523809524,0.008571428571428572,0.023809523809523808,0.06,0.9066666666666666,2.5,1.5,1.0,2.0,0,0.0,0.0,0.0,0.0,0.0,0.0008333333333333334,0.0075,0.021666666666666667,0.0575,0.9125,2.5,1.5,1.0,2.0,0,0.0,0.0,0.0,0.0,0.0,0.0007407407407407407,0.006666666666666667,0.01925925925925926,0.06074074074074074,0.9125925925925926,2.5,1.5,1.0,2.0,0,0.0,0.0,0.0,0.0,0.0,0.0006666666666666666,0.006,0.018666666666666668,0.06333333333333334,0.9113333333333333,2.5,1.5,1.0,2.0,0,0.0,0.0,0.0,0.0,0.0,0.0006060606060606061,0.005454545454545455,0.018787878787878787,0.06181818181818182,0.9133333333333333,2.5,1.5,1.0,2.0,0,0.0,0.0,0.0,0.0,0.0,0.0005555555555555556,0.005,0.019444444444444445,0.06833333333333333,0.9066666666666666,0:00:00.279000
2.3333333333333335,1.6666666666666667,1.0,1.6666666666666667,0,0.0,0.0,0.0,0.0,0.0,0.0011111111111111111,0.013333333333333334,0.027777777777777776,0.09,0.8677777777777778,2.3333333333333335,1.6666666666666667,1.0,1.6666666666666667,0,0.0,0.0,0.0,0.0,0.0,0.0009523809523809524,0.011428571428571429,0.02761904761904762,0.07904761904761905,0.8809523809523809,2.3333333333333335,1.6666666666666667,1.0,1.6666666666666667,0,0.0,0.0,0.0,0.0,0.0,0.0008333333333333334,0.01,0.025,0.0725,0.8916666666666667,2.3333333333333335,1.6666666666666667,1.0,1.6666666666666667,0,0.0,0.0,0.0,0.0,0.0,0.0007407407407407407,0.008888888888888889,0.022222222222222223,0.06666666666666667,0.9014814814814814,2.3333333333333335,1.6666666666666667,1.0,1.6666666666666667,0,0.0,0.0,0.0,0.0,0.0,0.0006666666666666666,0.008,0.020666666666666667,0.06533333333333333,0.9053333333333333,2.3333333333333335,1.6666666666666667,1.0,1.6666666666666667,0,0.0,0.0,0.0,0.0,0.0,0.0006060606060606061,0.007272727272727273,0.018787878787878787,0.06848484848484848,0.9048484848484849,2.3333333333333335,1.6666666666666667,1.0,1.6666666666666667,0,0.0,0.0,0.0,0.0,0.0,0.0005555555555555556,0.006666666666666667,0.01888888888888889,0.07055555555555555,0.9033333333333333,0:00:00.310000
2.3333333333333335,1.6666666666666667,1.0,1.6666666666666667,0,0.0,0.0,0.0,0.0,0.0,0.0011111111111111111,0.013333333333333334,0.028888888888888888,0.09555555555555556,0.8611111111111112,2.3333333333333335,1.6666666666666667,1.0,1.6666666666666667,0,0.0,0.0,0.0,0.0,0.0,0.0009523809523809524,0.011428571428571429,0.02666666666666667,0.0838095238095238,0.8771428571428571,2.3333333333333335,1.6666666666666667,1.0,1.6666666666666667,0,0.0,0.0,0.0,0.0,0.0,0.0008333333333333334,0.01,0.0275,0.07583333333333334,0.8858333333333334,2.3333333333333335,1.6666666666666667,1.0,1.6666666666666667,0,0.0,0.0,0.0,0.0,0.0,0.0007407407407407407,0.008888888888888889,0.024444444444444446,0.06962962962962962,0.8962962962962963,2.3333333333333335,1.6666666666666667,1.0,1.6666666666666667,0,0.0,0.0,0.0,0.0,0.0,0.0006666666666666666,0.008,0.02266666666666667,0.068,0.9006666666666666,2.3333333333333335,1.6666666666666667,1.0,1.6666666666666667,0,0.0,0.0,0.0,0.0,0.0,0.0006060606060606061,0.007272727272727273,0.020606060606060607,0.06545454545454546,0.906060606060606,2.3333333333333335,1.6666666666666667,1.0,1.6666666666666667,0,0.0,0.0,0.0,0.0,0.0,0.0005555555555555556,0.006666666666666667,0.019444444444444445,0.07,0.9033333333333333,0:00:00.361000
2.3333333333333335,1.6666666666666667,1.0,1.6666666666666667,0,0.0,0.0,0.0,0.0,0.0,0.0011111111111111111,0.015555555555555555,0.03111111111111111,0.10333333333333333,0.8488888888888889,2.3333333333333335,1.6666666666666667,1.0,1.6666666666666667,0,0.0,0.0,0.0,0.0,0.0,0.0009523809523809524,0.013333333333333334,0.030476190476190476,0.09714285714285714,0.8580952380952381,2.3333333333333335,1.6666666666666667,1.0,1.6666666666666667,0,0.0,0.0,0.0,0.0,0.0,0.0008333333333333334,0.011666666666666667,0.03,0.08666666666666667,0.8708333333333333,2.3333333333333335,1.6666666666666667,1.0,1.6666666666666667,0,0.0,0.0,0.0,0.0,0.0,0.0007407407407407407,0.01037037037037037,0.027407407407407408,0.08,0.8814814814814815,2.3333333333333335,1.6666666666666667,1.0,1.6666666666666667,0,0.0,0.0,0.0,0.0,0.0,0.0006666666666666666,0.009333333333333334,0.024666666666666667,0.074,0.8913333333333333,2.3333333333333335,1.6666666666666667,1.0,1.6666666666666667,0,0.0,0.0,0.0,0.0,0.0,0.0006060606060606061,0.008484848484848486,0.02303030303030303,0.0703030303030303,0.8975757575757576,2.3333333333333335,1.6666666666666667,1.0,1.6666666666666667,0,0.0,0.0,0.0,0.0,0.0,0.0005555555555555556,0.0077777777777777776,0.021111111111111112,0.07444444444444444,0.8961111111111111,0:00:00.359000
2.25,1.5,1.0,1.75,0,0.0,0.0,0.0,0.0,0.0,0.0011111111111111111,0.012222222222222223,0.03,0.11333333333333333,0.8433333333333334,2.2,1.6,1.0,1.6,0,0.0,0.0,0.0,0.0,0.0,0.0019047619047619048,0.013333333333333334,0.03619047619047619,0.11238095238095239,0.8361904761904762,2.2,1.6,1.0,1.6,0,0.0,0.0,0.0,0.0,0.0,0.0016666666666666668,0.013333333333333334,0.03333333333333333,0.10666666666666667,0.845,2.2,1.6,1.0,1.6,0,0.0,0.0,0.0,0.0,0.0,0.0014814814814814814,0.011851851851851851,0.03111111111111111,0.0962962962962963,0.8592592592592593,2.2,1.6,1.0,1.6,0,0.0,0.0,0.0,0.0,0.0,0.0013333333333333333,0.010666666666666666,0.03133333333333333,0.08866666666666667,0.868,2.2,1.6,1.0,1.6,0,0.0,0.0,0.0,0.0,0.0,0.0012121212121212121,0.009696969696969697,0.028484848484848484,0.08242424242424243,0.8781818181818182,2.2,1.6,1.0,1.6,0,0.0,0.0,0.0,0.0,0.0,0.0011111111111111111,0.008888888888888889,0.02666666666666667,0.08,0.8833333333333333,0:00:00.364000
2.5714285714285716,1.8571428571428572,1.4285714285714286,2.142857142857143,0,0.0,0.0,0.0,0.0,0.0,0.0033333333333333335,0.015555555555555555,0.03333333333333333,0.09888888888888889,0.8488888888888889,2.5714285714285716,1.8571428571428572,1.4285714285714286,2.142857142857143,0,0.0,0.0,0.0,0.0,0.0,0.002857142857142857,0.014285714285714285,0.030476190476190476,0.09523809523809523,0.8571428571428571,2.625,1.75,1.375,2.25,0,0.0,0.0,0.0,0.0,0.0,0.0025,0.015833333333333335,0.0325,0.10083333333333333,0.8483333333333334,2.5555555555555554,1.7777777777777777,1.3333333333333333,2.111111111111111,0,0.0,0.0,0.0,0.0,0.0,0.002962962962962963,0.017037037037037038,0.034074074074074076,0.1,0.845925925925926,2.5555555555555554,1.7777777777777777,1.3333333333333333,2.111111111111111,0,0.0,0.0,0.0,0.0,0.0,0.0026666666666666666,0.015333333333333332,0.032,0.09533333333333334,0.8546666666666667,2.5555555555555554,1.7777777777777777,1.3333333333333333,2.111111111111111,0,0.0,0.0,0.0,0.0,0.0,0.0024242424242424242,0.013939393939393939,0.030303030303030304,0.08787878787878788,0.8654545454545455,2.5555555555555554,1.7777777777777777,1.3333333333333333,2.111111111111111,0,0.0,0.0,0.0,0.0,0.0,0.0022222222222222222,0.012777777777777779,0.030555555555555555,0.08222222222222222,0.8722222222222222,0:00:00.343000
2.6666666666666665,1.8333333333333333,1.5,2.3333333333333335,0,0.0,0.0,0.0,0.0,0.0,0.0033333333333333335,0.017777777777777778,0.028888888888888888,0.09333333333333334,0.8566666666666667,2.6666666666666665,1.8333333333333333,1.5,2.3333333333333335,0,0.0,0.0,0.0,0.0,0.0,0.002857142857142857,0.01619047619047619,0.029523809523809525,0.09333333333333334,0.8580952380952381,2.5714285714285716,1.8571428571428572,1.4285714285714286,2.142857142857143,0,0.0,0.0,0.0,0.0,0.0,0.0025,0.016666666666666666,0.02666666666666667,0.09916666666666667,0.855,2.625,1.75,1.375,2.25,0,0.0,0.0,0.0,0.0,0.0,0.0022222222222222222,0.016296296296296295,0.025185185185185185,0.1,0.8562962962962963,2.625,1.75,1.375,2.25,0,0.0,0.0,0.0,0.0,0.0,0.002,0.016666666666666666,0.03,0.10066666666666667,0.8506666666666667,2.5555555555555554,1.7777777777777777,1.3333333333333333,2.111111111111111,0,0.0,0.0,0.0,0.0,0.0,0.0024242424242424242,0.01696969696969697,0.028484848484848484,0.09696969696969697,0.8551515151515151,2.5555555555555554,1.7777777777777777,1.3333333333333333,2.111111111111111,0,0.0,0.0,0.0,0.0,0.0,0.0022222222222222222,0.015555555555555555,0.028333333333333332,0.09333333333333334,0.8605555555555555,0:00:00.397000
2.3333333333333335,1.6666666666666667,1.5,2.1666666666666665,0,0.0,0.0,0.0,0.0,0.0,0.0033333333333333335,0.015555555555555555,0.017777777777777778,0.08888888888888889,0.8744444444444445,2.4285714285714284,1.7142857142857142,1.4285714285714286,2.142857142857143,0,0.0,0.0,0.0,0.0,0.0,0.002857142857142857,0.01619047619047619,0.022857142857142857,0.09333333333333334,0.8647619047619047,2.4285714285714284,1.7142857142857142,1.4285714285714286,2.142857142857143,0,0.0,0.0,0.0,0.0,0.0,0.0025,0.014166666666666666,0.025,0.09666666666666666,0.8616666666666667,2.4285714285714284,1.7142857142857142,1.4285714285714286,2.142857142857143,0,0.0,0.0,0.0,0.0,0.0,0.0022222222222222222,0.013333333333333334,0.023703703703703703,0.09407407407407407,0.8666666666666667,2.375,1.75,1.375,2.0,0,0.0,0.0,0.0,0.0,0.0,0.002,0.014,0.022,0.09333333333333334,0.8686666666666667,2.4444444444444446,1.6666666666666667,1.3333333333333333,2.111111111111111,0,0.0,0.0,0.0,0.0,0.0,0.0018181818181818182,0.014545454545454545,0.022424242424242423,0.09696969696969697,0.8642424242424243,2.4444444444444446,1.6666666666666667,1.3333333333333333,2.111111111111111,0,0.0,0.0,0.0,0.0,0.0,0.0016666666666666668,0.014444444444444444,0.025555555555555557,0.09666666666666666,0.8616666666666667,0:00:00.231000
2.4285714285714284,1.7142857142857142,1.5714285714285714,2.2857142857142856,0,0.0,0.0,0.0,0.0,0.0,0.005555555555555556,0.016666666666666666,0.016666666666666666,0.08222222222222222,0.8788888888888889,2.5,1.75,1.5,2.25,0,0.0,0.0,0.0,0.0,0.0,0.004761904761904762,0.015238095238095238,0.01904761904761905,0.08666666666666667,0.8742857142857143,2.5,1.75,1.5,2.25,0,0.0,0.0,0.0,0.0,0.0,0.004166666666666667,0.015,0.020833333333333332,0.09,0.87,2.5,1.75,1.5,2.25,0,0.0,0.0,0.0,0.0,0.0,0.003703703703703704,0.014074074074074074,0.023703703703703703,0.09407407407407407,0.8644444444444445,2.4444444444444446,1.7777777777777777,1.4444444444444444,2.111111111111111,0,0.0,0.0,0.0,0.0,0.0,0.0033333333333333335,0.014,0.021333333333333333,0.09266666666666666,0.8686666666666667,2.5,1.7,1.4,2.2,0,0.0,0.0,0.0,0.0,0.0,0.0030303030303030303,0.014545454545454545,0.021212121212121213,0.09151515151515152,0.8696969696969697,2.5,1.7,1.4,2.2,0,0.0,0.0,0.0,0.0,0.0,0.002777777777777778,0.014444444444444444,0.02277777777777778,0.095,0.865,0:00:00.322000
2.142857142857143,1.5714285714285714,1.4285714285714286,2.0,0,0.0,0.0,0.0,0.0,0.0,0.006666666666666667,0.013333333333333334,0.014444444444444444,0.07222222222222222,0.8933333333333333,2.2,1.7,1.6,2.1,0,0.0,0.0,0.0,0.0,0.0,0.007619047619047619,0.015238095238095238,0.01904761904761905,0.07904761904761905,0.8790476190476191,2.272727272727273,1.7272727272727273,1.5454545454545454,2.090909090909091,0,0.0,0.0,0.0,0.0,0.0,0.006666666666666667,0.015,0.021666666666666667,0.08416666666666667,0.8725,2.272727272727273,1.7272727272727273,1.5454545454545454,2.090909090909091,0,0.0,0.0,0.0,0.0,0.0,0.005925925925925926,0.014814814814814815,0.022962962962962963,0.0874074074074074,0.8688888888888889,2.272727272727273,1.7272727272727273,1.5454545454545454,2.090909090909091,0,0.0,0.0,0.0,0.0,0.0,0.005333333333333333,0.014,0.025333333333333333,0.09133333333333334,0.864,2.25,1.75,1.5,2.0,0,0.0,0.0,0.0,0.0,0.0,0.0048484848484848485,0.013939393939393939,0.02303030303030303,0.09090909090909091,0.8672727272727273,2.3333333333333335,1.75,1.5,2.0833333333333335,0,0.0,0.0,0.0,0.0,0.0,0.0044444444444444444,0.013333333333333334,0.02277777777777778,0.09,0.8694444444444445,0:00:00.285000
1.8,1.6,1.6,1.8,0,0.0,0.0,0.0,0.0,0.0,0.005555555555555556,0.01,0.014444444444444444,0.08666666666666667,0.8833333333333333,2.142857142857143,1.5714285714285714,1.4285714285714286,2.0,0,0.0,0.0,0.0,0.0,0.0,0.005714285714285714,0.011428571428571429,0.017142857142857144,0.07904761904761905,0.8866666666666667,2.2,1.7,1.6,2.1,0,0.0,0.0,0.0,0.0,0.0,0.006666666666666667,0.013333333333333334,0.0175,0.07916666666666666,0.8833333333333333,2.272727272727273,1.7272727272727273,1.5454545454545454,2.090909090909091,0,0.0,0.0,0.0,0.0,0.0,0.005925925925925926,0.013333333333333334,0.022222222222222223,0.08518518518518518,0.8733333333333333,2.272727272727273,1.7272727272727273,1.5454545454545454,2.090909090909091,0,0.0,0.0,0.0,0.0,0.0,0.005333333333333333,0.013333333333333334,0.023333333333333334,0.09,0.868,2.272727272727273,1.7272727272727273,1.5454545454545454,2.090909090909091,0,0.0,0.0,0.0,0.0,0.0,0.0048484848484848485,0.012121212121212121,0.025454545454545455,0.09212121212121212,0.8654545454545455,2.272727272727273,1.7272727272727273,1.5454545454545454,2.090909090909091,0,0.0,0.0,0.0,0.0,0.0,0.0044444444444444444,0.011666666666666667,0.02388888888888889,0.09166666666666666,0.8683333333333333,0:00:00.253000
2.0,1.75,1.75,2.0,0,0.0,0.0,0.0,0.0,0.0,0.005555555555555556,0.0044444444444444444,0.02,0.06666666666666667,0.9033333333333333,1.8,1.6,1.6,1.8,0,0.0,0.0,0.0,0.0,0.0,0.004761904761904762,0.006666666666666667,0.017142857142857144,0.0761904761904762,0.8952380952380953,1.8,1.6,1.6,1.8,0,0.0,0.0,0.0,0.0,0.0,0.004166666666666667,0.008333333333333333,0.015833333333333335,0.07416666666666667,0.8975,2.142857142857143,1.5714285714285714,1.4285714285714286,2.0,0,0.0,0.0,0.0,0.0,0.0,0.0044444444444444444,0.00962962962962963,0.017777777777777778,0.06888888888888889,0.8992592592592593,2.2,1.7,1.6,2.1,0,0.0,0.0,0.0,0.0,0.0,0.005333333333333333,0.011333333333333334,0.019333333333333334,0.07066666666666667,0.8933333333333333,2.272727272727273,1.7272727272727273,1.5454545454545454,2.090909090909091,0,0.0,0.0,0.0,0.0,0.0,0.0048484848484848485,0.011515151515151515,0.022424242424242423,0.07818181818181819,0.883030303030303,2.272727272727273,1.7272727272727273,1.5454545454545454,2.090909090909091,0,0.0,0.0,0.0,0.0,0.0,0.0044444444444444444,0.011666666666666667,0.023333333333333334,0.0811111111111111,0.8794444444444445,0:00:00.314000
2.2,1.6,1.6,2.2,0,0.0,0.0,0.0,0.0,0.0,0.005555555555555556,0.005555555555555556,0.022222222222222223,0.07111111111111111,0.8955555555555555,2.2,1.6,1.6,2.2,0,0.0,0.0,0.0,0.0,0.0,0.004761904761904762,0.004761904761904762,0.02,0.07047619047619047,0.9,2.0,1.5,1.5,2.0,0,0.0,0.0,0.0,0.0,0.0,0.004166666666666667,0.006666666666666667,0.0175,0.07833333333333334,0.8933333333333333,2.0,1.5,1.5,2.0,0,0.0,0.0,0.0,0.0,0.0,0.003703703703703704,0.008148148148148147,0.016296296296296295,0.07555555555555556,0.8962962962962963,2.25,1.5,1.375,2.125,0,0.0,0.0,0.0,0.0,0.0,0.004,0.009333333333333334,0.018,0.07133333333333333,0.8973333333333333,2.272727272727273,1.6363636363636365,1.5454545454545454,2.1818181818181817,0,0.0,0.0,0.0,0.0,0.0,0.0048484848484848485,0.01090909090909091,0.01818181818181818,0.07212121212121213,0.8939393939393939,2.3333333333333335,1.6666666666666667,1.5,2.1666666666666665,0,0.0,0.0,0.0,0.0,0.0,0.0044444444444444444,0.011111111111111112,0.021666666666666667,0.07722222222222222,0.8855555555555555,0:00:00.302000
